Grid Cell ID,Area,Site (MPA/ REF),Old/New,Lat Center Point,Lon Center Point,Lat 1,Lon 1,Lat 2,Lon 2,Lat 3,Lon 3,Lat 4,Lon 4,Cell Sampled 2017,Cell Sampled 2007,Cell Sampled 2008,Cell Sampled 2009,Cell Sampled 2010,Cell Sampled 2011,Cell Sampled 2012,Cell Sampled 2013,Cell Sampled 2014,Cell Sampled 2015,Cell Sampled 2016,Cell Sampled 2018,Cell Sampled 2019,Cell Sampled 2020,Cell Sampled 2021,Cell Sampled 2022,Cell Sampled 2023,Cell Sampled 2024,Cell Sampled 2025
AI01,AI,MPA,OLD,34.02153,-119.36680,34.01890,-119.36894,34.02332,-119.36996,34.02417,-119.36465,34.01974,-119.36363,TRUE,FALSE,FALSE,FALSE,FALSE,FALSE,FALSE,FALSE,FALSE,FALSE,FALSE,TRUE,TRUE,TRUE,TRUE,TRUE,TRUE,TRUE,TRUE
AI02,AI,MPA,OLD,34.01849,-119.37159,34.02058,-119.37477,34.02115,-119.36947,34.01673,-119.36840,34.01584,-119.37370,TRUE,FALSE,FALSE,FALSE,FALSE,FALSE,FALSE,FALSE,FALSE,FALSE,FALSE,TRUE,FALSE,TRUE,TRUE,TRUE,TRUE,TRUE,TRUE
AI03,AI,MPA,OLD,34.01771,-119.37954,34.01894,-119.38306,34.02064,-119.37805,34.01647,-119.37601,34.01477,-119.38102,FALSE,FALSE,FALSE,FALSE,FALSE,FALSE,FALSE,FALSE,FALSE,FALSE,FALSE,TRUE,TRUE,TRUE,TRUE,TRUE,TRUE,TRUE,TRUE
AI04,AI,MPA,OLD,34.01170,-119.39236,34.00950,-119.39512,34.01410,-119.39502,34.01392,-119.38961,34.00942,-119.38971,TRUE,FALSE,FALSE,FALSE,FALSE,FALSE,FALSE,FALSE,FALSE,FALSE,FALSE,TRUE,TRUE,TRUE,TRUE,TRUE,TRUE,TRUE,TRUE
AI05,AI,MPA,OLD,34.01620,-119.38493,34.01750,-119.38842,34.01911,-119.38337,34.01491,-119.38143,34.01329,-119.38648,TRUE,FALSE,FALSE,FALSE,FALSE,FALSE,FALSE,FALSE,FALSE,FALSE,FALSE,TRUE,TRUE,TRUE,TRUE,TRUE,TRUE,TRUE,TRUE
AI06,AI,MPA,OLD,34.01903,-119.35985,34.01710,-119.36289,34.02156,-119.36217,34.02097,-119.35681,34.01650,-119.35753,FALSE,FALSE,FALSE,FALSE,FALSE,FALSE,FALSE,FALSE,FALSE,FALSE,FALSE,TRUE,TRUE,TRUE,TRUE,TRUE,TRUE,TRUE,TRUE
AI07,AI,MPA,NEW,34.01938,-119.44076,34.01721,-119.44355,34.02171,-119.44336,34.02155,-119.43796,34.01705,-119.43815,FALSE,FALSE,FALSE,FALSE,FALSE,FALSE,FALSE,FALSE,FALSE,FALSE,FALSE,TRUE,TRUE,TRUE,TRUE,TRUE,TRUE,TRUE,TRUE
AI08,AI,MPA,NEW,34.01838,-119.43472,34.02018,-119.43787,34.02100,-119.43255,34.01657,-119.43157,34.01575,-119.43689,TRUE,FALSE,FALSE,FALSE,FALSE,FALSE,FALSE,FALSE,FALSE,FALSE,FALSE,TRUE,TRUE,TRUE,TRUE,TRUE,TRUE,TRUE,TRUE
AI09,AI,MPA,NEW,34.01815,-119.42742,34.02009,-119.43046,34.02068,-119.42510,34.01622,-119.42439,34.01563,-119.42975,FALSE,FALSE,FALSE,FALSE,FALSE,FALSE,FALSE,FALSE,FALSE,FALSE,FALSE,TRUE,TRUE,TRUE,FALSE,TRUE,TRUE,TRUE,TRUE
AI10,AI,REF,,34.02031,-119.35357,34.02251,-119.35080,34.01801,-119.35093,34.01812,-119.35634,34.02262,-119.35621,FALSE,FALSE,FALSE,FALSE,FALSE,FALSE,FALSE,FALSE,FALSE,FALSE,FALSE,TRUE,TRUE,TRUE,TRUE,TRUE,TRUE,TRUE,TRUE
AI11,AI,REF,,34.01315,-119.35170,34.01246,-119.34797,34.01004,-119.35252,34.01383,-119.35544,34.01626,-119.35088,TRUE,FALSE,FALSE,FALSE,FALSE,FALSE,FALSE,FALSE,FALSE,FALSE,FALSE,TRUE,TRUE,TRUE,TRUE,TRUE,TRUE,TRUE,TRUE
AI12,AI,REF,,34.01035,-119.35666,34.00731,-119.35781,34.01130,-119.36031,34.01339,-119.35552,34.00940,-119.35302,TRUE,FALSE,FALSE,FALSE,FALSE,FALSE,FALSE,FALSE,FALSE,FALSE,FALSE,TRUE,TRUE,TRUE,TRUE,TRUE,TRUE,TRUE,TRUE
AI13,AI,REF,,33.99995,-119.40650,34.00291,-119.40793,34.00114,-119.40296,33.99700,-119.40508,33.99877,-119.41005,TRUE,FALSE,FALSE,FALSE,FALSE,FALSE,FALSE,FALSE,FALSE,FALSE,FALSE,TRUE,TRUE,TRUE,TRUE,TRUE,FALSE,TRUE,TRUE
AI14,AI,REF,,34.00103,-119.41554,34.00309,-119.41846,34.00347,-119.41307,33.99898,-119.41261,33.99860,-119.41800,TRUE,FALSE,FALSE,FALSE,FALSE,FALSE,FALSE,FALSE,FALSE,FALSE,FALSE,TRUE,TRUE,TRUE,TRUE,TRUE,TRUE,TRUE,TRUE
AI15,AI,REF,,34.00557,-119.43906,34.00242,-119.43965,34.00606,-119.44284,34.00871,-119.43847,34.00508,-119.43528,TRUE,FALSE,FALSE,FALSE,FALSE,FALSE,FALSE,FALSE,FALSE,FALSE,FALSE,TRUE,TRUE,TRUE,TRUE,TRUE,TRUE,TRUE,TRUE
AI16,AI,REF,,34.00822,-119.37113,34.00962,-119.37457,34.01109,-119.36945,34.00682,-119.36770,34.00536,-119.37281,TRUE,FALSE,FALSE,FALSE,FALSE,FALSE,FALSE,FALSE,FALSE,FALSE,FALSE,TRUE,TRUE,TRUE,TRUE,TRUE,TRUE,TRUE,TRUE
AI17,AI,REF,,34.00200,-119.38491,34.00272,-119.38864,34.00511,-119.38405,34.00129,-119.38119,33.99890,-119.38577,FALSE,FALSE,FALSE,FALSE,FALSE,FALSE,FALSE,FALSE,FALSE,FALSE,FALSE,TRUE,TRUE,TRUE,TRUE,TRUE,TRUE,TRUE,TRUE
AI18,AI,MPA,,34.01054,-119.40946,34.01404,-119.41031,34.01075,-119.40604,34.00704,-119.40862,34.01033,-119.41289,FALSE,FALSE,FALSE,FALSE,FALSE,FALSE,FALSE,FALSE,FALSE,FALSE,FALSE,FALSE,FALSE,FALSE,FALSE,FALSE,FALSE,TRUE,TRUE
AIMM,AI,MPA,,,,,,,,,,,,TRUE,FALSE,FALSE,FALSE,FALSE,FALSE,FALSE,FALSE,FALSE,FALSE,FALSE,TRUE,TRUE,TRUE,TRUE,TRUE,TRUE,TRUE,TRUE
AIRR,AI,REF,,,,,,,,,,,,FALSE,FALSE,FALSE,FALSE,FALSE,FALSE,FALSE,FALSE,FALSE,FALSE,FALSE,FALSE,TRUE,TRUE,TRUE,TRUE,TRUE,TRUE,TRUE
AN01,AN,REF,,37.24250,-122.42725,37.24475,-122.43002,37.24475,-122.42448,37.24025,-122.43002,37.24025,-122.42448,TRUE,TRUE,TRUE,TRUE,TRUE,TRUE,TRUE,TRUE,TRUE,TRUE,TRUE,TRUE,TRUE,TRUE,TRUE,TRUE,FALSE,FALSE,TRUE
AN02,AN,REF,,37.23734,-122.42650,37.23958,-122.42927,37.23958,-122.42373,37.23508,-122.42927,37.23508,-122.42373,TRUE,TRUE,TRUE,TRUE,TRUE,TRUE,TRUE,FALSE,TRUE,TRUE,TRUE,FALSE,TRUE,TRUE,TRUE,TRUE,TRUE,TRUE,TRUE
AN03,AN,REF,,37.23175,-122.42533,37.23400,-122.42810,37.23400,-122.42257,37.22950,-122.42810,37.22950,-122.42257,TRUE,TRUE,TRUE,TRUE,TRUE,TRUE,FALSE,TRUE,FALSE,TRUE,TRUE,TRUE,TRUE,FALSE,TRUE,FALSE,TRUE,TRUE,TRUE
AN04,AN,REF,,37.22525,-122.42242,37.22750,-122.42518,37.22750,-122.41965,37.22300,-122.42518,37.22300,-122.41965,TRUE,TRUE,TRUE,TRUE,TRUE,FALSE,FALSE,TRUE,TRUE,TRUE,TRUE,FALSE,TRUE,TRUE,TRUE,FALSE,TRUE,TRUE,TRUE
AN05,AN,REF,,37.21625,-122.41767,37.21850,-122.42043,37.21850,-122.41490,37.21400,-122.42043,37.21400,-122.41490,TRUE,TRUE,TRUE,TRUE,TRUE,TRUE,TRUE,TRUE,TRUE,TRUE,TRUE,TRUE,TRUE,TRUE,TRUE,TRUE,TRUE,TRUE,TRUE
AN06,AN,REF,,37.19692,-122.41300,37.19917,-122.41577,37.19917,-122.41023,37.19467,-122.41577,37.19467,-122.41023,TRUE,TRUE,TRUE,TRUE,TRUE,TRUE,TRUE,FALSE,TRUE,TRUE,FALSE,TRUE,TRUE,TRUE,FALSE,TRUE,FALSE,TRUE,TRUE
AN07,AN,REF,,37.19167,-122.41050,37.19391,-122.41327,37.19391,-122.40773,37.18942,-122.41327,37.18942,-122.40773,FALSE,TRUE,TRUE,TRUE,TRUE,TRUE,TRUE,TRUE,TRUE,TRUE,TRUE,FALSE,FALSE,TRUE,FALSE,TRUE,TRUE,FALSE,TRUE
AN08,AN,REF,,37.18500,-122.40475,37.18725,-122.40752,37.18725,-122.40198,37.18275,-122.40752,37.18275,-122.40198,TRUE,TRUE,TRUE,TRUE,TRUE,FALSE,FALSE,TRUE,TRUE,FALSE,TRUE,TRUE,TRUE,TRUE,FALSE,TRUE,TRUE,TRUE,TRUE
AN09,AN,REF,,37.16992,-122.38167,37.17216,-122.38443,37.17216,-122.37890,37.16767,-122.38443,37.16767,-122.37890,TRUE,TRUE,TRUE,TRUE,TRUE,TRUE,TRUE,TRUE,TRUE,FALSE,TRUE,FALSE,FALSE,TRUE,TRUE,FALSE,TRUE,TRUE,FALSE
AN10,AN,REF,,37.16475,-122.38117,37.16700,-122.38393,37.16700,-122.37840,37.16250,-122.38393,37.16250,-122.37840,FALSE,TRUE,TRUE,TRUE,TRUE,TRUE,TRUE,TRUE,TRUE,FALSE,TRUE,TRUE,TRUE,FALSE,FALSE,FALSE,TRUE,TRUE,FALSE
AN11,AN,REF,,37.16692,-122.37450,37.16916,-122.37727,37.16916,-122.37173,37.16467,-122.37727,37.16467,-122.37173,TRUE,TRUE,TRUE,TRUE,TRUE,TRUE,TRUE,TRUE,TRUE,FALSE,FALSE,TRUE,FALSE,TRUE,TRUE,TRUE,TRUE,FALSE,FALSE
AN12,AN,MPA,,37.11675,-122.34725,37.11900,-122.35002,37.11900,-122.34448,37.11450,-122.35002,37.11450,-122.34448,FALSE,TRUE,TRUE,FALSE,TRUE,TRUE,TRUE,TRUE,TRUE,FALSE,TRUE,TRUE,TRUE,TRUE,TRUE,TRUE,FALSE,TRUE,TRUE
AN13,AN,MPA,,37.11167,-122.34633,37.11391,-122.34910,37.11391,-122.34357,37.10942,-122.34910,37.10942,-122.34357,FALSE,TRUE,TRUE,TRUE,TRUE,TRUE,TRUE,TRUE,TRUE,TRUE,TRUE,TRUE,TRUE,TRUE,TRUE,TRUE,TRUE,FALSE,TRUE
AN14,AN,MPA,,37.10692,-122.34633,37.10917,-122.34910,37.10917,-122.34357,37.10467,-122.34910,37.10467,-122.34357,TRUE,FALSE,TRUE,TRUE,TRUE,TRUE,TRUE,TRUE,TRUE,TRUE,TRUE,TRUE,TRUE,FALSE,TRUE,TRUE,TRUE,FALSE,TRUE
AN15,AN,MPA,,37.10095,-122.34633,37.10320,-122.34910,37.10320,-122.34357,37.09870,-122.34910,37.09870,-122.34357,TRUE,TRUE,TRUE,TRUE,TRUE,TRUE,TRUE,TRUE,TRUE,TRUE,TRUE,TRUE,TRUE,FALSE,TRUE,TRUE,FALSE,TRUE,TRUE
AN16,AN,MPA,,37.09908,-122.34042,37.10133,-122.34318,37.10133,-122.33765,37.09684,-122.34318,37.09684,-122.33765,TRUE,TRUE,TRUE,FALSE,TRUE,TRUE,TRUE,TRUE,TRUE,TRUE,TRUE,FALSE,FALSE,FALSE,FALSE,TRUE,TRUE,TRUE,FALSE
AN17,AN,MPA,,37.09792,-122.33458,37.10016,-122.33735,37.10016,-122.33182,37.09567,-122.33735,37.09567,-122.33182,TRUE,TRUE,TRUE,TRUE,TRUE,TRUE,TRUE,FALSE,TRUE,TRUE,TRUE,TRUE,TRUE,TRUE,TRUE,TRUE,FALSE,TRUE,TRUE
AN18,AN,MPA,,37.09800,-122.32833,37.10025,-122.33110,37.10025,-122.32557,37.09575,-122.33110,37.09575,-122.32557,TRUE,TRUE,TRUE,TRUE,TRUE,FALSE,TRUE,TRUE,FALSE,FALSE,TRUE,TRUE,TRUE,TRUE,TRUE,FALSE,FALSE,FALSE,TRUE
AN19,AN,MPA,,37.09233,-122.32858,37.09458,-122.33135,37.09458,-122.32582,37.09009,-122.33135,37.09009,-122.32582,TRUE,TRUE,FALSE,TRUE,TRUE,TRUE,TRUE,TRUE,TRUE,TRUE,TRUE,TRUE,TRUE,TRUE,TRUE,FALSE,TRUE,TRUE,TRUE
AN20,AN,MPA,,37.08750,-122.32858,37.08975,-122.33135,37.08975,-122.32582,37.08525,-122.33135,37.08525,-122.32582,TRUE,TRUE,TRUE,TRUE,TRUE,TRUE,TRUE,TRUE,TRUE,FALSE,TRUE,TRUE,TRUE,TRUE,FALSE,TRUE,TRUE,FALSE,FALSE
AN21,AN,MPA,,37.09075,-122.32200,37.09300,-122.32477,37.09300,-122.31923,37.08850,-122.32477,37.08850,-122.31923,TRUE,TRUE,TRUE,TRUE,TRUE,TRUE,TRUE,TRUE,FALSE,FALSE,TRUE,FALSE,TRUE,TRUE,TRUE,TRUE,TRUE,TRUE,TRUE
AN22,AN,MPA,,37.09570,-122.31667,37.09795,-122.31943,37.09795,-122.31390,37.09346,-122.31943,37.09346,-122.31390,TRUE,TRUE,TRUE,TRUE,TRUE,TRUE,TRUE,TRUE,TRUE,TRUE,TRUE,TRUE,TRUE,TRUE,FALSE,TRUE,TRUE,TRUE,TRUE
ANMM,AN,MPA,,,,,,,,,,,,FALSE,TRUE,TRUE,TRUE,TRUE,TRUE,TRUE,TRUE,TRUE,TRUE,FALSE,FALSE,FALSE,FALSE,TRUE,FALSE,TRUE,FALSE,TRUE
ANRR,AN,REF,,,,,,,,,,,,FALSE,TRUE,TRUE,FALSE,TRUE,TRUE,TRUE,TRUE,FALSE,FALSE,FALSE,FALSE,FALSE,FALSE,TRUE,FALSE,TRUE,FALSE,FALSE
BH01,BH,REF,,38.35418,-123.09546,38.35192,-123.09831,38.35640,-123.09836,38.35643,-123.09260,38.35196,-123.09256,TRUE,FALSE,FALSE,FALSE,FALSE,FALSE,FALSE,FALSE,FALSE,FALSE,FALSE,TRUE,FALSE,TRUE,TRUE,TRUE,TRUE,TRUE,FALSE
BH02,BH,REF,,38.34930,-123.10292,38.35155,-123.10579,38.35156,-123.10006,38.34705,-123.10006,38.34705,-123.10578,FALSE,FALSE,FALSE,FALSE,FALSE,FALSE,FALSE,FALSE,FALSE,FALSE,FALSE,TRUE,FALSE,FALSE,TRUE,FALSE,TRUE,TRUE,TRUE
BH03,BH,REF,,38.34793,-123.09410,38.35019,-123.09696,38.35019,-123.09124,38.34568,-123.09124,38.34568,-123.09696,TRUE,FALSE,FALSE,FALSE,FALSE,FALSE,FALSE,FALSE,FALSE,FALSE,FALSE,TRUE,TRUE,FALSE,TRUE,FALSE,TRUE,TRUE,TRUE
BH04,BH,REF,,38.34590,-123.08735,38.34815,-123.09022,38.34816,-123.08450,38.34365,-123.08449,38.34364,-123.09021,TRUE,FALSE,FALSE,FALSE,FALSE,FALSE,FALSE,FALSE,FALSE,FALSE,FALSE,TRUE,FALSE,FALSE,TRUE,FALSE,FALSE,TRUE,TRUE
BH05,BH,REF,,38.34278,-123.10027,38.34504,-123.10314,38.34504,-123.09741,38.34053,-123.09741,38.34053,-123.10313,FALSE,FALSE,FALSE,FALSE,FALSE,FALSE,FALSE,FALSE,FALSE,FALSE,FALSE,TRUE,FALSE,TRUE,TRUE,TRUE,TRUE,FALSE,TRUE
BH06,BH,REF,,38.33912,-123.09280,38.34137,-123.09566,38.34137,-123.08994,38.33686,-123.08994,38.33686,-123.09566,TRUE,FALSE,FALSE,FALSE,FALSE,FALSE,FALSE,FALSE,FALSE,FALSE,FALSE,TRUE,TRUE,TRUE,TRUE,FALSE,TRUE,FALSE,TRUE
BH07,BH,REF,,38.33877,-123.08447,38.34102,-123.08733,38.34102,-123.08161,38.33652,-123.08161,38.33651,-123.08733,TRUE,FALSE,FALSE,FALSE,FALSE,FALSE,FALSE,FALSE,FALSE,FALSE,FALSE,TRUE,TRUE,TRUE,TRUE,TRUE,TRUE,TRUE,TRUE
BH08,BH,MPA,,38.32690,-123.09029,38.32915,-123.09315,38.32915,-123.08743,38.32465,-123.08742,38.32464,-123.09314,TRUE,FALSE,FALSE,FALSE,FALSE,FALSE,FALSE,FALSE,FALSE,FALSE,FALSE,TRUE,TRUE,TRUE,TRUE,TRUE,TRUE,TRUE,TRUE
BH09,BH,MPA,,38.32706,-123.08273,38.32931,-123.08560,38.32931,-123.07988,38.32481,-123.07987,38.32480,-123.08559,TRUE,FALSE,FALSE,FALSE,FALSE,FALSE,FALSE,FALSE,FALSE,FALSE,FALSE,TRUE,TRUE,FALSE,TRUE,TRUE,FALSE,TRUE,FALSE
BH10,BH,MPA,,38.32144,-123.08982,38.32369,-123.09268,38.32369,-123.08696,38.31919,-123.08695,38.31918,-123.09267,FALSE,FALSE,FALSE,FALSE,FALSE,FALSE,FALSE,FALSE,FALSE,FALSE,FALSE,TRUE,TRUE,TRUE,TRUE,TRUE,FALSE,TRUE,TRUE
BH11,BH,MPA,,38.32135,-123.08314,38.32360,-123.08600,38.32361,-123.08028,38.31910,-123.08028,38.31910,-123.08600,FALSE,FALSE,FALSE,FALSE,FALSE,FALSE,FALSE,FALSE,FALSE,FALSE,FALSE,TRUE,TRUE,FALSE,TRUE,TRUE,TRUE,FALSE,TRUE
BH12,BH,MPA,,38.31619,-123.09471,38.31844,-123.09757,38.31844,-123.09185,38.31394,-123.09184,38.31393,-123.09756,FALSE,FALSE,FALSE,FALSE,FALSE,FALSE,FALSE,FALSE,FALSE,FALSE,FALSE,TRUE,FALSE,FALSE,FALSE,FALSE,TRUE,FALSE,FALSE
BH13,BH,MPA,,38.31618,-123.08753,38.31843,-123.09039,38.31844,-123.08467,38.31393,-123.08466,38.31393,-123.09038,TRUE,FALSE,FALSE,FALSE,FALSE,FALSE,FALSE,FALSE,FALSE,FALSE,FALSE,TRUE,FALSE,FALSE,TRUE,TRUE,FALSE,FALSE,FALSE
BH14,BH,MPA,,38.31646,-123.07830,38.31694,-123.08230,38.31961,-123.07769,38.31598,-123.07430,38.31331,-123.07891,TRUE,FALSE,FALSE,FALSE,FALSE,FALSE,FALSE,FALSE,FALSE,FALSE,FALSE,FALSE,FALSE,TRUE,TRUE,TRUE,TRUE,FALSE,FALSE
BH15,BH,MPA,,38.31079,-123.09097,38.31304,-123.09384,38.31305,-123.08812,38.30854,-123.08811,38.30854,-123.09383,FALSE,FALSE,FALSE,FALSE,FALSE,FALSE,FALSE,FALSE,FALSE,FALSE,FALSE,TRUE,FALSE,FALSE,TRUE,FALSE,TRUE,TRUE,TRUE
BH16,BH,MPA,,38.31077,-123.08391,38.31302,-123.08678,38.31302,-123.08106,38.30852,-123.08105,38.30851,-123.08677,TRUE,FALSE,FALSE,FALSE,FALSE,FALSE,FALSE,FALSE,FALSE,FALSE,FALSE,TRUE,TRUE,TRUE,FALSE,FALSE,TRUE,FALSE,TRUE
BH17,BH,MPA,,38.31108,-123.07508,38.31207,-123.07893,38.31411,-123.07383,38.31010,-123.07124,38.30805,-123.07633,TRUE,FALSE,FALSE,FALSE,FALSE,FALSE,FALSE,FALSE,FALSE,FALSE,FALSE,FALSE,TRUE,FALSE,TRUE,TRUE,FALSE,TRUE,FALSE
BH18,BH,MPA,,38.30452,-123.08618,38.30677,-123.08904,38.30678,-123.08333,38.30227,-123.08332,38.30227,-123.08904,TRUE,FALSE,FALSE,FALSE,FALSE,FALSE,FALSE,FALSE,FALSE,FALSE,FALSE,FALSE,FALSE,FALSE,TRUE,TRUE,TRUE,FALSE,TRUE
BH19,BH,MPA,,38.30449,-123.07931,38.30676,-123.08216,38.30674,-123.07644,38.30223,-123.07647,38.30225,-123.08219,TRUE,FALSE,FALSE,FALSE,FALSE,FALSE,FALSE,FALSE,FALSE,FALSE,FALSE,TRUE,TRUE,TRUE,TRUE,TRUE,TRUE,FALSE,TRUE
BH20,BH,MPA,,38.30553,-123.07195,38.30695,-123.07557,38.30839,-123.07015,38.30412,-123.06833,38.30268,-123.07375,TRUE,FALSE,FALSE,FALSE,FALSE,FALSE,FALSE,FALSE,FALSE,FALSE,FALSE,FALSE,FALSE,TRUE,FALSE,FALSE,TRUE,FALSE,TRUE
BH21,BH,REF,,38.29260,-123.05160,38.29233,-123.05563,38.29578,-123.05195,38.29288,-123.04757,38.28943,-123.05126,TRUE,FALSE,FALSE,FALSE,FALSE,FALSE,FALSE,FALSE,FALSE,FALSE,FALSE,TRUE,FALSE,FALSE,FALSE,FALSE,FALSE,TRUE,TRUE
BH22,BH,REF,,38.28898,-123.04528,38.29123,-123.04814,38.29123,-123.04242,38.28673,-123.04242,38.28672,-123.04814,TRUE,FALSE,FALSE,FALSE,FALSE,FALSE,FALSE,FALSE,FALSE,FALSE,FALSE,FALSE,TRUE,FALSE,TRUE,TRUE,FALSE,FALSE,TRUE
BH23,BH,REF,,38.28320,-123.04835,38.28545,-123.05121,38.28545,-123.04549,38.28095,-123.04549,38.28094,-123.05121,FALSE,FALSE,FALSE,FALSE,FALSE,FALSE,FALSE,FALSE,FALSE,FALSE,FALSE,TRUE,TRUE,TRUE,TRUE,TRUE,TRUE,TRUE,TRUE
BH24,BH,REF,,38.27786,-123.04842,38.28011,-123.05128,38.28012,-123.04557,38.27561,-123.04556,38.27561,-123.05128,FALSE,FALSE,FALSE,FALSE,FALSE,FALSE,FALSE,FALSE,FALSE,FALSE,FALSE,FALSE,TRUE,TRUE,TRUE,TRUE,TRUE,FALSE,FALSE
BH25,BH,REF,,38.28481,-123.03726,38.28706,-123.04012,38.28706,-123.03441,38.28255,-123.03440,38.28255,-123.04012,TRUE,FALSE,FALSE,FALSE,FALSE,FALSE,FALSE,FALSE,FALSE,FALSE,FALSE,TRUE,FALSE,TRUE,FALSE,FALSE,FALSE,TRUE,FALSE
BH26,BH,REF,,38.27932,-123.03800,38.28157,-123.04086,38.28157,-123.03514,38.27707,-123.03514,38.27706,-123.04086,TRUE,FALSE,FALSE,FALSE,FALSE,FALSE,FALSE,FALSE,FALSE,FALSE,FALSE,FALSE,FALSE,FALSE,FALSE,FALSE,TRUE,TRUE,FALSE
BH27,BH,REF,,38.27924,-123.03077,38.28149,-123.03363,38.28149,-123.02792,38.27699,-123.02791,38.27699,-123.03363,TRUE,FALSE,FALSE,FALSE,FALSE,FALSE,FALSE,FALSE,FALSE,FALSE,FALSE,TRUE,FALSE,TRUE,FALSE,TRUE,TRUE,FALSE,FALSE
BHMM,BH,MPA,,,,,,,,,,,,TRUE,FALSE,FALSE,FALSE,FALSE,FALSE,FALSE,FALSE,FALSE,FALSE,FALSE,FALSE,FALSE,FALSE,TRUE,FALSE,TRUE,FALSE,FALSE
BHRR,BH,REF,,,,,,,,,,,,TRUE,FALSE,FALSE,FALSE,FALSE,FALSE,FALSE,FALSE,FALSE,FALSE,FALSE,FALSE,FALSE,TRUE,TRUE,FALSE,TRUE,FALSE,FALSE
BL01,BL,MPA,,35.70785,-121.33225,35.71010,-121.33500,35.71010,-121.32950,35.70560,-121.33500,35.70560,-121.32950,FALSE,FALSE,FALSE,TRUE,FALSE,FALSE,TRUE,TRUE,FALSE,FALSE,TRUE,FALSE,FALSE,TRUE,FALSE,FALSE,FALSE,FALSE,FALSE
BL02,BL,MPA,,35.70730,-121.32340,35.70950,-121.32620,35.70950,-121.32060,35.70510,-121.32620,35.70510,-121.32060,TRUE,FALSE,TRUE,FALSE,FALSE,FALSE,FALSE,FALSE,FALSE,FALSE,TRUE,TRUE,TRUE,FALSE,TRUE,FALSE,FALSE,FALSE,FALSE
BL03,BL,MPA,,35.70150,-121.33575,35.70370,-121.33850,35.70370,-121.33300,35.69930,-121.33850,35.69930,-121.33300,TRUE,FALSE,TRUE,FALSE,TRUE,TRUE,TRUE,TRUE,FALSE,FALSE,TRUE,TRUE,FALSE,TRUE,FALSE,TRUE,FALSE,FALSE,TRUE
BL04,BL,MPA,,35.69870,-121.32955,35.70090,-121.33230,35.70090,-121.32680,35.69650,-121.33230,35.69650,-121.32680,TRUE,FALSE,TRUE,TRUE,TRUE,TRUE,FALSE,TRUE,TRUE,FALSE,FALSE,FALSE,TRUE,TRUE,FALSE,TRUE,FALSE,TRUE,FALSE
BL05,BL,MPA,,35.70155,-121.32350,35.70380,-121.32630,35.70380,-121.32070,35.69930,-121.32630,35.69930,-121.32070,FALSE,FALSE,TRUE,TRUE,TRUE,TRUE,TRUE,TRUE,FALSE,FALSE,TRUE,TRUE,TRUE,TRUE,TRUE,FALSE,TRUE,TRUE,FALSE
BL06,BL,MPA,,35.70235,-121.31690,35.70460,-121.31960,35.70460,-121.31420,35.70010,-121.31960,35.70010,-121.31420,FALSE,FALSE,FALSE,TRUE,TRUE,FALSE,FALSE,TRUE,TRUE,FALSE,FALSE,FALSE,TRUE,FALSE,TRUE,TRUE,TRUE,TRUE,FALSE
BL07,BL,MPA,,35.69365,-121.33085,35.69590,-121.33360,35.69590,-121.32810,35.69140,-121.33360,35.69140,-121.32810,FALSE,FALSE,FALSE,FALSE,FALSE,FALSE,TRUE,TRUE,TRUE,FALSE,TRUE,FALSE,FALSE,TRUE,TRUE,TRUE,TRUE,FALSE,TRUE
BL08,BL,MPA,,35.69355,-121.32455,35.69580,-121.32730,35.69580,-121.32180,35.69130,-121.32730,35.69130,-121.32180,TRUE,FALSE,TRUE,TRUE,TRUE,TRUE,TRUE,FALSE,FALSE,FALSE,FALSE,TRUE,FALSE,TRUE,FALSE,FALSE,FALSE,FALSE,FALSE
BL09,BL,MPA,,35.69400,-121.31855,35.69630,-121.32130,35.69630,-121.31580,35.69170,-121.32130,35.69170,-121.31580,TRUE,FALSE,TRUE,FALSE,FALSE,FALSE,FALSE,FALSE,TRUE,FALSE,TRUE,FALSE,FALSE,FALSE,FALSE,FALSE,TRUE,TRUE,FALSE
BL10,BL,MPA,,35.69655,-121.31240,35.69880,-121.31520,35.69880,-121.30960,35.69430,-121.31520,35.69430,-121.30960,TRUE,FALSE,FALSE,FALSE,TRUE,TRUE,TRUE,TRUE,TRUE,FALSE,TRUE,FALSE,TRUE,FALSE,TRUE,FALSE,TRUE,TRUE,FALSE
BL11,BL,MPA,,35.69115,-121.31170,35.69340,-121.31450,35.69340,-121.30890,35.68890,-121.31450,35.68890,-121.30890,TRUE,FALSE,FALSE,TRUE,FALSE,FALSE,TRUE,FALSE,FALSE,FALSE,TRUE,FALSE,TRUE,TRUE,TRUE,TRUE,TRUE,TRUE,TRUE
BL12,BL,MPA,,35.68685,-121.32540,35.68910,-121.32810,35.68910,-121.32270,35.68460,-121.32810,35.68460,-121.32270,TRUE,FALSE,FALSE,TRUE,FALSE,FALSE,FALSE,FALSE,TRUE,FALSE,TRUE,FALSE,FALSE,FALSE,FALSE,TRUE,TRUE,FALSE,TRUE
BL13,BL,MPA,,35.68580,-121.31715,35.68800,-121.32000,35.68800,-121.31430,35.68360,-121.32000,35.68360,-121.31430,TRUE,FALSE,TRUE,FALSE,FALSE,FALSE,FALSE,FALSE,FALSE,FALSE,FALSE,TRUE,FALSE,FALSE,FALSE,FALSE,FALSE,FALSE,TRUE
BL14,BL,MPA,,35.68485,-121.30890,35.68710,-121.31170,35.68710,-121.30610,35.68260,-121.31170,35.68260,-121.30610,TRUE,FALSE,FALSE,TRUE,FALSE,FALSE,FALSE,FALSE,TRUE,FALSE,FALSE,TRUE,FALSE,FALSE,FALSE,TRUE,TRUE,TRUE,FALSE
BL15,BL,MPA,,35.68465,-121.30210,35.68690,-121.30490,35.68690,-121.29930,35.68240,-121.30490,35.68240,-121.29930,FALSE,FALSE,FALSE,FALSE,TRUE,TRUE,FALSE,TRUE,TRUE,FALSE,FALSE,TRUE,FALSE,TRUE,TRUE,TRUE,FALSE,TRUE,FALSE
BL16,BL,MPA,,35.68060,-121.32360,35.68280,-121.32630,35.68280,-121.32090,35.67840,-121.32630,35.67840,-121.32090,FALSE,FALSE,TRUE,FALSE,FALSE,TRUE,TRUE,FALSE,TRUE,FALSE,TRUE,TRUE,FALSE,FALSE,FALSE,TRUE,FALSE,TRUE,TRUE
BL17,BL,MPA,,35.68065,-121.31700,35.68290,-121.31980,35.68290,-121.31420,35.67840,-121.31980,35.67840,-121.31420,FALSE,FALSE,TRUE,TRUE,FALSE,FALSE,TRUE,TRUE,TRUE,FALSE,FALSE,FALSE,FALSE,FALSE,TRUE,FALSE,TRUE,FALSE,FALSE
BL18,BL,MPA,,35.67945,-121.30475,35.68170,-121.30760,35.68170,-121.30190,35.67720,-121.30760,35.67720,-121.30190,FALSE,FALSE,FALSE,FALSE,TRUE,TRUE,FALSE,TRUE,FALSE,FALSE,TRUE,FALSE,FALSE,FALSE,FALSE,FALSE,FALSE,FALSE,TRUE
BL19,BL,MPA,,35.67535,-121.31910,35.67760,-121.32180,35.67760,-121.31640,35.67310,-121.32180,35.67310,-121.31640,FALSE,FALSE,FALSE,FALSE,TRUE,FALSE,TRUE,FALSE,TRUE,FALSE,FALSE,FALSE,TRUE,FALSE,TRUE,TRUE,FALSE,TRUE,TRUE
BL20,BL,MPA,,35.67540,-121.31200,35.67760,-121.31470,35.67760,-121.30930,35.67320,-121.31470,35.67320,-121.30930,TRUE,FALSE,FALSE,TRUE,FALSE,FALSE,FALSE,FALSE,TRUE,FALSE,FALSE,FALSE,FALSE,FALSE,TRUE,TRUE,FALSE,FALSE,FALSE
BL21,BL,MPA,,35.67435,-121.30530,35.67650,-121.30800,35.67650,-121.30260,35.67220,-121.30800,35.67220,-121.30260,FALSE,FALSE,TRUE,FALSE,FALSE,FALSE,FALSE,TRUE,FALSE,FALSE,TRUE,TRUE,FALSE,FALSE,TRUE,TRUE,FALSE,TRUE,TRUE
BL22,BL,MPA,,35.66910,-121.30930,35.67130,-121.31210,35.67130,-121.30650,35.66690,-121.31210,35.66690,-121.30650,TRUE,FALSE,TRUE,TRUE,TRUE,TRUE,TRUE,TRUE,FALSE,FALSE,FALSE,TRUE,TRUE,TRUE,FALSE,FALSE,TRUE,FALSE,TRUE
BL23,BL,MPA,,35.66400,-121.31140,35.66620,-121.31420,35.66620,-121.30860,35.66180,-121.31420,35.66180,-121.30860,FALSE,FALSE,FALSE,TRUE,TRUE,FALSE,FALSE,FALSE,FALSE,FALSE,FALSE,FALSE,FALSE,FALSE,FALSE,FALSE,FALSE,FALSE,FALSE
BL24,BL,MPA,,35.66390,-121.30345,35.66610,-121.30620,35.66610,-121.30070,35.66170,-121.30620,35.66170,-121.30070,FALSE,FALSE,FALSE,TRUE,TRUE,FALSE,FALSE,FALSE,FALSE,FALSE,FALSE,FALSE,FALSE,FALSE,FALSE,FALSE,FALSE,FALSE,FALSE
BL25,BL,MPA,,35.66330,-121.29555,35.66550,-121.29830,35.66550,-121.29280,35.66110,-121.29830,35.66110,-121.29280,FALSE,FALSE,FALSE,TRUE,FALSE,FALSE,FALSE,FALSE,FALSE,FALSE,FALSE,FALSE,FALSE,FALSE,FALSE,FALSE,FALSE,FALSE,FALSE
BL26,BL,MPA,,35.65797,-121.30278,35.66026,-121.30549,35.66026,-121.29997,35.65570,-121.29997,35.65570,-121.29997,FALSE,FALSE,FALSE,FALSE,FALSE,TRUE,FALSE,FALSE,FALSE,FALSE,FALSE,FALSE,FALSE,FALSE,FALSE,FALSE,FALSE,FALSE,FALSE
BL27,BL,MPA,,35.65755,-121.29655,35.65970,-121.29930,35.65970,-121.29380,35.65540,-121.29930,35.65540,-121.29380,TRUE,FALSE,TRUE,TRUE,FALSE,TRUE,FALSE,FALSE,FALSE,FALSE,FALSE,FALSE,FALSE,FALSE,FALSE,FALSE,FALSE,FALSE,FALSE
BL28,BL,MPA,,35.65805,-121.29010,35.66030,-121.29290,35.66030,-121.28730,35.65580,-121.29290,35.65580,-121.28730,FALSE,FALSE,FALSE,FALSE,FALSE,FALSE,FALSE,FALSE,FALSE,FALSE,FALSE,FALSE,FALSE,FALSE,FALSE,FALSE,FALSE,FALSE,FALSE
BL29,BL,MPA,,35.65815,-121.28065,35.66040,-121.28340,35.66040,-121.27790,35.65590,-121.28340,35.65590,-121.27790,FALSE,FALSE,TRUE,FALSE,TRUE,FALSE,FALSE,FALSE,FALSE,FALSE,FALSE,FALSE,FALSE,FALSE,FALSE,FALSE,FALSE,FALSE,FALSE
BL30,BL,MPA,,35.65790,-121.27245,35.66010,-121.27520,35.66010,-121.26970,35.65570,-121.27520,35.65570,-121.26970,TRUE,FALSE,TRUE,FALSE,FALSE,FALSE,FALSE,FALSE,FALSE,FALSE,FALSE,FALSE,FALSE,FALSE,FALSE,FALSE,FALSE,FALSE,FALSE
BL31,BL,MPA,,35.65485,-121.26615,35.65710,-121.26890,35.65710,-121.26340,35.65260,-121.26890,35.65260,-121.26340,FALSE,FALSE,TRUE,FALSE,FALSE,FALSE,FALSE,FALSE,FALSE,FALSE,FALSE,FALSE,FALSE,FALSE,FALSE,FALSE,FALSE,FALSE,FALSE
BL32,BL,REF,,35.64645,-121.25685,35.64870,-121.25960,35.64870,-121.25410,35.64420,-121.25960,35.64420,-121.25410,TRUE,FALSE,FALSE,TRUE,FALSE,FALSE,FALSE,FALSE,FALSE,FALSE,FALSE,FALSE,FALSE,FALSE,FALSE,FALSE,FALSE,FALSE,FALSE
BL33,BL,REF,,35.64630,-121.24965,35.64850,-121.25240,35.64850,-121.24690,35.64410,-121.25240,35.64410,-121.24690,FALSE,FALSE,FALSE,FALSE,TRUE,TRUE,FALSE,FALSE,FALSE,FALSE,FALSE,FALSE,FALSE,FALSE,FALSE,FALSE,FALSE,FALSE,FALSE
BL34,BL,REF,,35.64075,-121.25210,35.64300,-121.25490,35.64300,-121.24930,35.63850,-121.25490,35.63850,-121.24930,FALSE,FALSE,FALSE,TRUE,FALSE,FALSE,FALSE,FALSE,FALSE,FALSE,FALSE,FALSE,FALSE,FALSE,FALSE,FALSE,FALSE,FALSE,FALSE
BL35,BL,REF,,35.64145,-121.24215,35.64370,-121.24490,35.64370,-121.23940,35.63920,-121.24490,35.63920,-121.23940,FALSE,FALSE,TRUE,TRUE,TRUE,FALSE,FALSE,TRUE,TRUE,FALSE,TRUE,FALSE,FALSE,FALSE,FALSE,FALSE,FALSE,TRUE,TRUE
BL36,BL,REF,,35.64175,-121.23515,35.64400,-121.23790,35.64400,-121.23240,35.63950,-121.23790,35.63950,-121.23240,FALSE,FALSE,TRUE,TRUE,TRUE,FALSE,TRUE,TRUE,TRUE,FALSE,FALSE,TRUE,FALSE,FALSE,FALSE,TRUE,FALSE,FALSE,TRUE
BL37,BL,REF,,35.64230,-121.22735,35.64450,-121.23010,35.64450,-121.22460,35.64010,-121.23010,35.64010,-121.22460,TRUE,FALSE,FALSE,FALSE,FALSE,TRUE,FALSE,FALSE,TRUE,FALSE,TRUE,TRUE,TRUE,TRUE,TRUE,TRUE,FALSE,FALSE,TRUE
BL38,BL,REF,,35.64155,-121.21930,35.64380,-121.22210,35.64380,-121.21650,35.63930,-121.22210,35.63930,-121.21650,TRUE,FALSE,FALSE,FALSE,FALSE,FALSE,FALSE,FALSE,FALSE,FALSE,FALSE,FALSE,FALSE,FALSE,FALSE,FALSE,FALSE,FALSE,FALSE
BL39,BL,REF,,35.63545,-121.24985,35.63770,-121.25260,35.63770,-121.24710,35.63320,-121.25260,35.63320,-121.24710,FALSE,FALSE,FALSE,FALSE,TRUE,FALSE,FALSE,FALSE,FALSE,FALSE,FALSE,FALSE,FALSE,FALSE,FALSE,FALSE,FALSE,FALSE,FALSE
BL40,BL,REF,,35.63660,-121.23740,35.63880,-121.24020,35.63880,-121.23460,35.63440,-121.24020,35.63440,-121.23460,FALSE,FALSE,TRUE,TRUE,FALSE,TRUE,TRUE,FALSE,FALSE,FALSE,TRUE,TRUE,TRUE,TRUE,FALSE,FALSE,TRUE,FALSE,TRUE
BL41,BL,REF,,35.63655,-121.23040,35.63880,-121.23320,35.63880,-121.22760,35.63430,-121.23320,35.63430,-121.22760,FALSE,FALSE,FALSE,FALSE,TRUE,FALSE,TRUE,FALSE,FALSE,FALSE,TRUE,FALSE,TRUE,TRUE,FALSE,FALSE,TRUE,TRUE,FALSE
BL42,BL,REF,,35.63655,-121.22425,35.63880,-121.22700,35.63880,-121.22150,35.63430,-121.22700,35.63430,-121.22150,FALSE,FALSE,FALSE,FALSE,FALSE,TRUE,FALSE,TRUE,FALSE,FALSE,TRUE,FALSE,TRUE,TRUE,FALSE,TRUE,FALSE,FALSE,TRUE
BL43,BL,REF,,35.63505,-121.21695,35.63730,-121.21970,35.63730,-121.21420,35.63280,-121.21970,35.63280,-121.21420,FALSE,FALSE,FALSE,TRUE,FALSE,FALSE,FALSE,FALSE,FALSE,FALSE,FALSE,FALSE,FALSE,FALSE,FALSE,FALSE,FALSE,FALSE,FALSE
BL44,BL,REF,,35.63525,-121.21050,35.63750,-121.21330,35.63750,-121.20770,35.63300,-121.21330,35.63300,-121.20770,TRUE,FALSE,FALSE,FALSE,FALSE,FALSE,FALSE,FALSE,FALSE,FALSE,FALSE,FALSE,FALSE,FALSE,FALSE,FALSE,FALSE,FALSE,FALSE
BL45,BL,REF,,35.63420,-121.20415,35.63640,-121.20690,35.63640,-121.20140,35.63200,-121.20690,35.63200,-121.20140,TRUE,FALSE,TRUE,FALSE,FALSE,TRUE,TRUE,FALSE,FALSE,FALSE,FALSE,FALSE,FALSE,FALSE,TRUE,FALSE,FALSE,TRUE,FALSE
BL46,BL,REF,,35.63265,-121.24365,35.63490,-121.24640,35.63490,-121.24090,35.63040,-121.24640,35.63040,-121.24090,FALSE,FALSE,TRUE,TRUE,TRUE,FALSE,FALSE,FALSE,FALSE,FALSE,FALSE,TRUE,FALSE,FALSE,FALSE,FALSE,FALSE,FALSE,FALSE
BL47,BL,REF,,35.63115,-121.23625,35.63340,-121.23900,35.63340,-121.23350,35.62890,-121.23900,35.62890,-121.23350,FALSE,FALSE,TRUE,TRUE,TRUE,TRUE,TRUE,TRUE,TRUE,FALSE,TRUE,TRUE,TRUE,TRUE,TRUE,TRUE,TRUE,TRUE,FALSE
BL48,BL,REF,,35.63135,-121.22975,35.63360,-121.23250,35.63360,-121.22700,35.62910,-121.23250,35.62910,-121.22700,TRUE,FALSE,FALSE,FALSE,TRUE,TRUE,TRUE,TRUE,FALSE,FALSE,TRUE,FALSE,FALSE,FALSE,TRUE,TRUE,TRUE,TRUE,TRUE
BL49,BL,REF,,35.63160,-121.22345,35.63380,-121.22620,35.63380,-121.22070,35.62940,-121.22620,35.62940,-121.22070,TRUE,FALSE,FALSE,FALSE,TRUE,TRUE,FALSE,TRUE,TRUE,FALSE,FALSE,TRUE,TRUE,FALSE,FALSE,TRUE,TRUE,TRUE,TRUE
BL50,BL,REF,,35.62705,-121.24320,35.62930,-121.24600,35.62930,-121.24040,35.62480,-121.24600,35.62480,-121.24040,TRUE,FALSE,FALSE,FALSE,FALSE,TRUE,FALSE,FALSE,FALSE,FALSE,TRUE,FALSE,FALSE,FALSE,TRUE,TRUE,TRUE,TRUE,FALSE
BL51,BL,REF,,35.62620,-121.23705,35.62850,-121.23980,35.62850,-121.23430,35.62390,-121.23980,35.62390,-121.23430,FALSE,FALSE,TRUE,TRUE,TRUE,TRUE,TRUE,TRUE,TRUE,FALSE,TRUE,TRUE,FALSE,TRUE,TRUE,FALSE,TRUE,TRUE,FALSE
BL52,BL,REF,,35.62515,-121.22990,35.62740,-121.23270,35.62740,-121.22710,35.62290,-121.23270,35.62290,-121.22710,FALSE,FALSE,FALSE,TRUE,TRUE,TRUE,TRUE,TRUE,TRUE,FALSE,FALSE,TRUE,FALSE,FALSE,FALSE,TRUE,TRUE,FALSE,FALSE
BL53,BL,REF,,35.62615,-121.22075,35.62840,-121.22350,35.62840,-121.21800,35.62390,-121.22350,35.62390,-121.21800,TRUE,FALSE,TRUE,TRUE,FALSE,TRUE,FALSE,TRUE,TRUE,FALSE,TRUE,FALSE,TRUE,FALSE,FALSE,TRUE,FALSE,FALSE,TRUE
BL54,BL,REF,,35.61945,-121.22285,35.62170,-121.22560,35.62170,-121.22010,35.61720,-121.22560,35.61720,-121.22010,TRUE,FALSE,FALSE,FALSE,FALSE,TRUE,TRUE,TRUE,FALSE,FALSE,TRUE,FALSE,TRUE,FALSE,TRUE,TRUE,FALSE,TRUE,TRUE
BL55,BL,REF,,35.61925,-121.21515,35.62150,-121.21790,35.62150,-121.21240,35.61700,-121.21790,35.61700,-121.21240,TRUE,FALSE,FALSE,FALSE,FALSE,FALSE,FALSE,TRUE,FALSE,FALSE,TRUE,FALSE,FALSE,TRUE,FALSE,TRUE,FALSE,FALSE,FALSE
BL56,BL,REF,,35.61840,-121.20845,35.62060,-121.21120,35.62060,-121.20570,35.61620,-121.21120,35.61620,-121.20570,TRUE,FALSE,TRUE,TRUE,TRUE,FALSE,TRUE,TRUE,FALSE,FALSE,FALSE,TRUE,TRUE,TRUE,TRUE,FALSE,FALSE,FALSE,FALSE
BL57,BL,REF,,35.61335,-121.20380,35.61560,-121.20660,35.61560,-121.20100,35.61110,-121.20660,35.61110,-121.20100,TRUE,FALSE,TRUE,TRUE,TRUE,TRUE,FALSE,TRUE,TRUE,FALSE,TRUE,FALSE,FALSE,TRUE,FALSE,FALSE,TRUE,TRUE,FALSE
BLMM,BL,MPA,,,,,,,,,,,,TRUE,FALSE,TRUE,TRUE,TRUE,TRUE,TRUE,TRUE,TRUE,FALSE,FALSE,TRUE,TRUE,TRUE,FALSE,FALSE,FALSE,FALSE,FALSE
BLRR,BL,REF,,,,,,,,,,,,TRUE,FALSE,TRUE,TRUE,TRUE,TRUE,TRUE,TRUE,FALSE,FALSE,FALSE,TRUE,FALSE,TRUE,FALSE,FALSE,FALSE,FALSE,FALSE
CM01,CM,REF,,40.45754,-124.44948,40.45975,-124.45249,40.45984,-124.44660,40.45533,-124.44648,40.45525,-124.45237,FALSE,FALSE,FALSE,FALSE,FALSE,FALSE,FALSE,FALSE,FALSE,FALSE,FALSE,TRUE,TRUE,TRUE,FALSE,TRUE,FALSE,FALSE,FALSE
CM02,CM,REF,,40.46662,-124.44260,40.46883,-124.44560,40.46891,-124.43971,40.46441,-124.43960,40.46433,-124.44551,FALSE,FALSE,FALSE,FALSE,FALSE,FALSE,FALSE,FALSE,FALSE,FALSE,FALSE,FALSE,FALSE,FALSE,FALSE,TRUE,TRUE,TRUE,TRUE
CM03,CM,REF,,40.45636,-124.43649,40.45856,-124.43949,40.45864,-124.43360,40.45415,-124.43349,40.45406,-124.43938,TRUE,FALSE,FALSE,FALSE,FALSE,FALSE,FALSE,FALSE,FALSE,FALSE,FALSE,FALSE,FALSE,FALSE,FALSE,FALSE,FALSE,FALSE,FALSE
CM04,CM,REF,,40.46535,-124.43609,40.46756,-124.43908,40.46764,-124.43319,40.46314,-124.43308,40.46306,-124.43900,TRUE,FALSE,FALSE,FALSE,FALSE,FALSE,FALSE,FALSE,FALSE,FALSE,FALSE,FALSE,FALSE,FALSE,FALSE,FALSE,FALSE,FALSE,FALSE
CM05,CM,REF,,40.45629,-124.45594,40.45850,-124.45894,40.45858,-124.45306,40.45408,-124.45294,40.45400,-124.45883,FALSE,FALSE,FALSE,FALSE,FALSE,FALSE,FALSE,FALSE,FALSE,FALSE,FALSE,TRUE,TRUE,TRUE,TRUE,FALSE,TRUE,TRUE,TRUE
CM06,CM,REF,,40.47163,-124.43799,40.47384,-124.44099,40.47393,-124.43510,40.46943,-124.43499,40.46935,-124.44090,FALSE,FALSE,FALSE,FALSE,FALSE,FALSE,FALSE,FALSE,FALSE,FALSE,FALSE,FALSE,FALSE,FALSE,FALSE,FALSE,FALSE,FALSE,FALSE
CM07,CM,REF,,40.45644,-124.43000,40.45864,-124.43300,40.45872,-124.42711,40.45423,-124.42700,40.45414,-124.43289,TRUE,FALSE,FALSE,FALSE,FALSE,FALSE,FALSE,FALSE,FALSE,FALSE,FALSE,TRUE,TRUE,TRUE,TRUE,TRUE,TRUE,TRUE,TRUE
CM08,CM,REF,,40.46543,-124.42960,40.46764,-124.43260,40.46772,-124.42671,40.46322,-124.42660,40.46314,-124.43252,FALSE,FALSE,FALSE,FALSE,FALSE,FALSE,FALSE,FALSE,FALSE,FALSE,FALSE,FALSE,FALSE,FALSE,FALSE,FALSE,FALSE,FALSE,FALSE
CM09,CM,REF,,40.45742,-124.42354,40.45963,-124.42654,40.45971,-124.42065,40.45521,-124.42054,40.45512,-124.42643,TRUE,FALSE,FALSE,FALSE,FALSE,FALSE,FALSE,FALSE,FALSE,FALSE,FALSE,TRUE,TRUE,TRUE,TRUE,TRUE,TRUE,TRUE,TRUE
CM10,CM,REF,,40.46654,-124.44909,40.46875,-124.45208,40.46883,-124.44619,40.46433,-124.44608,40.46425,-124.45200,FALSE,FALSE,FALSE,FALSE,FALSE,FALSE,FALSE,FALSE,FALSE,FALSE,FALSE,FALSE,FALSE,FALSE,FALSE,FALSE,FALSE,FALSE,FALSE
CM11,CM,REF,,40.45763,-124.44300,40.45984,-124.44600,40.45992,-124.44011,40.45542,-124.44000,40.45533,-124.44589,FALSE,FALSE,FALSE,FALSE,FALSE,FALSE,FALSE,FALSE,FALSE,FALSE,FALSE,FALSE,FALSE,FALSE,FALSE,FALSE,FALSE,FALSE,FALSE
CM12,CM,REF,,40.46551,-124.42312,40.46772,-124.42611,40.46780,-124.42022,40.46330,-124.42011,40.46322,-124.42603,FALSE,FALSE,FALSE,FALSE,FALSE,FALSE,FALSE,FALSE,FALSE,FALSE,FALSE,FALSE,FALSE,FALSE,FALSE,FALSE,FALSE,FALSE,FALSE
CM13,CM,REF,,40.47085,-124.42854,40.47306,-124.43153,40.47314,-124.42564,40.46864,-124.42553,40.46856,-124.43145,FALSE,FALSE,FALSE,FALSE,FALSE,FALSE,FALSE,FALSE,FALSE,FALSE,FALSE,FALSE,FALSE,FALSE,FALSE,FALSE,FALSE,FALSE,FALSE
CM14,CM,REF,,40.47963,-124.48417,40.48183,-124.48718,40.48192,-124.48126,40.47742,-124.48118,40.47733,-124.48707,FALSE,FALSE,FALSE,FALSE,FALSE,FALSE,FALSE,FALSE,FALSE,FALSE,FALSE,FALSE,FALSE,FALSE,FALSE,FALSE,FALSE,FALSE,FALSE
CM15,CM,REF,,40.47954,-124.49066,40.48175,-124.49367,40.48183,-124.48775,40.47733,-124.48767,40.47725,-124.49356,TRUE,FALSE,FALSE,FALSE,FALSE,FALSE,FALSE,FALSE,FALSE,FALSE,FALSE,TRUE,TRUE,TRUE,TRUE,FALSE,FALSE,FALSE,TRUE
CM16,CM,REF,,40.47971,-124.47769,40.48192,-124.48069,40.48200,-124.47478,40.47750,-124.47469,40.47742,-124.48058,FALSE,FALSE,FALSE,FALSE,FALSE,FALSE,FALSE,FALSE,FALSE,FALSE,FALSE,FALSE,FALSE,FALSE,FALSE,FALSE,FALSE,FALSE,FALSE
CM17,CM,REF,,40.47946,-124.49715,40.48167,-124.50015,40.48175,-124.49424,40.47725,-124.49415,40.47717,-124.50004,FALSE,FALSE,FALSE,FALSE,FALSE,FALSE,FALSE,FALSE,FALSE,FALSE,FALSE,FALSE,FALSE,FALSE,FALSE,TRUE,FALSE,FALSE,TRUE
CM18,CM,REF,,40.48466,-124.47779,40.48687,-124.48080,40.48695,-124.47488,40.48245,-124.47480,40.48237,-124.48069,FALSE,FALSE,FALSE,FALSE,FALSE,FALSE,FALSE,FALSE,FALSE,FALSE,FALSE,FALSE,FALSE,FALSE,FALSE,FALSE,FALSE,FALSE,FALSE
CM19,CM,REF,,40.48458,-124.48428,40.48679,-124.48729,40.48687,-124.48137,40.48237,-124.48129,40.48229,-124.48718,TRUE,FALSE,FALSE,FALSE,FALSE,FALSE,FALSE,FALSE,FALSE,FALSE,FALSE,TRUE,FALSE,FALSE,TRUE,TRUE,FALSE,TRUE,FALSE
CM20,CM,REF,,40.48450,-124.49077,40.48670,-124.49378,40.48679,-124.48786,40.48229,-124.48778,40.48220,-124.49367,FALSE,FALSE,FALSE,FALSE,FALSE,FALSE,FALSE,FALSE,FALSE,FALSE,FALSE,FALSE,FALSE,FALSE,FALSE,FALSE,FALSE,FALSE,FALSE
CM21,CM,REF,,40.48441,-124.49726,40.48662,-124.50026,40.48670,-124.49435,40.48220,-124.49426,40.48212,-124.50015,TRUE,FALSE,FALSE,FALSE,FALSE,FALSE,FALSE,FALSE,FALSE,FALSE,FALSE,FALSE,FALSE,FALSE,FALSE,FALSE,FALSE,FALSE,FALSE
CM22,CM,REF,,40.48433,-124.50374,40.48653,-124.50675,40.48662,-124.50083,40.48212,-124.50075,40.48204,-124.50664,TRUE,FALSE,FALSE,FALSE,FALSE,FALSE,FALSE,FALSE,FALSE,FALSE,FALSE,TRUE,TRUE,TRUE,FALSE,TRUE,TRUE,TRUE,TRUE
CM23,CM,REF,,40.47937,-124.50363,40.48158,-124.50664,40.48167,-124.50072,40.47717,-124.50064,40.47708,-124.50653,FALSE,FALSE,FALSE,FALSE,FALSE,FALSE,FALSE,FALSE,FALSE,FALSE,FALSE,FALSE,FALSE,FALSE,FALSE,FALSE,FALSE,FALSE,FALSE
CM24,CM,REF,,40.46587,-124.50274,40.46808,-124.50574,40.46817,-124.49985,40.46364,-124.49974,40.46358,-124.50565,FALSE,FALSE,FALSE,FALSE,FALSE,FALSE,FALSE,FALSE,FALSE,FALSE,FALSE,FALSE,FALSE,FALSE,FALSE,FALSE,FALSE,FALSE,FALSE
CM25,CM,REF,,40.46603,-124.48977,40.46825,-124.49276,40.46833,-124.48688,40.46381,-124.48676,40.46375,-124.49268,FALSE,FALSE,FALSE,FALSE,FALSE,FALSE,FALSE,FALSE,FALSE,FALSE,FALSE,FALSE,FALSE,FALSE,FALSE,FALSE,FALSE,FALSE,FALSE
CM26,CM,REF,,40.46595,-124.49625,40.46817,-124.49925,40.46825,-124.49336,40.46372,-124.49325,40.46367,-124.49917,FALSE,FALSE,FALSE,FALSE,FALSE,FALSE,FALSE,FALSE,FALSE,FALSE,FALSE,FALSE,FALSE,FALSE,FALSE,FALSE,FALSE,FALSE,FALSE
CM27,CM,REF,,40.46612,-124.48328,40.46833,-124.48628,40.46842,-124.48039,40.46389,-124.48028,40.46383,-124.48620,FALSE,FALSE,FALSE,FALSE,FALSE,FALSE,FALSE,FALSE,FALSE,FALSE,FALSE,TRUE,FALSE,FALSE,FALSE,FALSE,FALSE,FALSE,FALSE
CM28,CM,REF,,40.46620,-124.47680,40.46842,-124.47979,40.46850,-124.47390,40.46397,-124.47379,40.46392,-124.47971,FALSE,FALSE,FALSE,FALSE,FALSE,FALSE,FALSE,FALSE,FALSE,FALSE,FALSE,FALSE,FALSE,FALSE,FALSE,FALSE,FALSE,FALSE,FALSE
CM29,CM,REF,,40.47442,-124.50352,40.47663,-124.50653,40.47671,-124.50061,40.47221,-124.50053,40.47213,-124.50642,FALSE,FALSE,FALSE,FALSE,FALSE,FALSE,FALSE,FALSE,FALSE,FALSE,FALSE,FALSE,FALSE,FALSE,FALSE,FALSE,FALSE,FALSE,FALSE
CM30,CM,REF,,40.47442,-124.50352,40.47663,-124.50653,40.47671,-124.50061,40.47221,-124.50053,40.47213,-124.50642,FALSE,FALSE,FALSE,FALSE,FALSE,FALSE,FALSE,FALSE,FALSE,FALSE,FALSE,FALSE,FALSE,FALSE,FALSE,FALSE,FALSE,FALSE,FALSE
CM31,CM,REF,,40.47094,-124.49342,40.47316,-124.49641,40.47324,-124.49052,40.46871,-124.49041,40.46866,-124.49633,FALSE,FALSE,FALSE,FALSE,FALSE,FALSE,FALSE,FALSE,FALSE,FALSE,FALSE,FALSE,FALSE,FALSE,FALSE,FALSE,FALSE,FALSE,FALSE
CM32,CM,REF,,40.47103,-124.48634,40.47325,-124.48934,40.47333,-124.48345,40.46880,-124.48334,40.46875,-124.48925,FALSE,FALSE,FALSE,FALSE,FALSE,FALSE,FALSE,FALSE,FALSE,FALSE,FALSE,FALSE,FALSE,FALSE,FALSE,FALSE,FALSE,FALSE,FALSE
CM33,CM,REF,,40.47112,-124.47985,40.47333,-124.48285,40.47342,-124.47696,40.46889,-124.47685,40.46883,-124.48277,FALSE,FALSE,FALSE,FALSE,FALSE,FALSE,FALSE,FALSE,FALSE,FALSE,FALSE,FALSE,FALSE,FALSE,FALSE,FALSE,FALSE,FALSE,FALSE
CM34,CM,REF,,40.46099,-124.49614,40.46321,-124.49914,40.46329,-124.49325,40.45877,-124.49314,40.45871,-124.49906,FALSE,FALSE,FALSE,FALSE,FALSE,FALSE,FALSE,FALSE,FALSE,FALSE,FALSE,FALSE,FALSE,FALSE,FALSE,FALSE,FALSE,FALSE,FALSE
CM35,CM,REF,,40.46091,-124.50263,40.46313,-124.50562,40.46321,-124.49974,40.45868,-124.49962,40.45863,-124.50554,FALSE,FALSE,FALSE,FALSE,FALSE,FALSE,FALSE,FALSE,FALSE,FALSE,FALSE,TRUE,TRUE,TRUE,TRUE,FALSE,TRUE,TRUE,TRUE
CM36,CM,REF,,40.46108,-124.48966,40.46330,-124.49265,40.46338,-124.48677,40.45885,-124.48666,40.45880,-124.49257,FALSE,FALSE,FALSE,FALSE,FALSE,FALSE,FALSE,FALSE,FALSE,FALSE,FALSE,TRUE,FALSE,FALSE,TRUE,TRUE,TRUE,FALSE,FALSE
CM37,CM,REF,,40.46116,-124.48317,40.46338,-124.48617,40.46346,-124.48028,40.45893,-124.48017,40.45888,-124.48609,FALSE,FALSE,FALSE,FALSE,FALSE,FALSE,FALSE,FALSE,FALSE,FALSE,FALSE,FALSE,FALSE,FALSE,FALSE,FALSE,FALSE,FALSE,FALSE
CM38,CM,REF,,40.46125,-124.47669,40.46346,-124.47968,40.46355,-124.47380,40.45902,-124.47369,40.45897,-124.47960,TRUE,FALSE,FALSE,FALSE,FALSE,FALSE,FALSE,FALSE,FALSE,FALSE,FALSE,FALSE,FALSE,FALSE,FALSE,FALSE,FALSE,FALSE,FALSE
CM39,CM,REF,,40.46628,-124.47031,40.46850,-124.47331,40.46858,-124.46742,40.46405,-124.46731,40.46400,-124.47323,FALSE,FALSE,FALSE,FALSE,FALSE,FALSE,FALSE,FALSE,FALSE,FALSE,FALSE,FALSE,FALSE,FALSE,FALSE,TRUE,TRUE,FALSE,FALSE
CM40,CM,REF,,40.46133,-124.47020,40.46355,-124.47320,40.46363,-124.46731,40.45910,-124.46720,40.45905,-124.47312,FALSE,FALSE,FALSE,FALSE,FALSE,FALSE,FALSE,FALSE,FALSE,FALSE,FALSE,FALSE,FALSE,FALSE,FALSE,FALSE,FALSE,FALSE,FALSE
CM41,CM,REF,,40.46637,-124.46383,40.46858,-124.46682,40.46867,-124.46093,40.46414,-124.46082,40.46408,-124.46674,FALSE,FALSE,FALSE,FALSE,FALSE,FALSE,FALSE,FALSE,FALSE,FALSE,FALSE,FALSE,FALSE,FALSE,FALSE,FALSE,FALSE,FALSE,FALSE
CM42,CM,REF,,40.46141,-124.46372,40.46363,-124.46671,40.46371,-124.46083,40.45918,-124.46072,40.45913,-124.46663,FALSE,FALSE,FALSE,FALSE,FALSE,FALSE,FALSE,FALSE,FALSE,FALSE,FALSE,FALSE,FALSE,TRUE,TRUE,FALSE,TRUE,FALSE,FALSE
CM43,CM,REF,,40.47120,-124.47337,40.47342,-124.47636,40.47350,-124.47047,40.46897,-124.47036,40.46892,-124.47628,FALSE,FALSE,FALSE,FALSE,FALSE,FALSE,FALSE,FALSE,FALSE,FALSE,FALSE,FALSE,FALSE,FALSE,FALSE,FALSE,FALSE,FALSE,FALSE
CM44,CM,REF,,40.47128,-124.46688,40.47350,-124.46988,40.47358,-124.46399,40.46905,-124.46388,40.46900,-124.46980,TRUE,FALSE,FALSE,FALSE,FALSE,FALSE,FALSE,FALSE,FALSE,FALSE,FALSE,FALSE,TRUE,TRUE,TRUE,FALSE,FALSE,TRUE,FALSE
CM45,CM,REF,,40.46645,-124.45734,40.46867,-124.46034,40.46875,-124.45445,40.46422,-124.45434,40.46416,-124.46026,FALSE,FALSE,FALSE,FALSE,FALSE,FALSE,FALSE,FALSE,FALSE,FALSE,FALSE,FALSE,FALSE,FALSE,FALSE,FALSE,FALSE,TRUE,TRUE
CM46,CM,REF,,40.47136,-124.46040,40.47358,-124.46339,40.47366,-124.45750,40.46914,-124.45739,40.46908,-124.46331,FALSE,FALSE,FALSE,FALSE,FALSE,FALSE,FALSE,FALSE,FALSE,FALSE,FALSE,FALSE,FALSE,FALSE,FALSE,FALSE,FALSE,FALSE,FALSE
CM47,CM,REF,,40.46149,-124.45723,40.46371,-124.46023,40.46379,-124.45434,40.45927,-124.45423,40.45921,-124.46015,FALSE,FALSE,FALSE,FALSE,FALSE,FALSE,FALSE,FALSE,FALSE,FALSE,FALSE,FALSE,FALSE,FALSE,FALSE,FALSE,FALSE,FALSE,FALSE
CM48,CM,REF,,40.48249,-124.47126,40.48470,-124.47426,40.48478,-124.46835,40.48029,-124.46827,40.48020,-124.47416,FALSE,FALSE,FALSE,FALSE,FALSE,FALSE,FALSE,FALSE,FALSE,FALSE,FALSE,FALSE,FALSE,FALSE,FALSE,FALSE,FALSE,FALSE,FALSE
CM49,CM,REF,,40.48289,-124.51020,40.48510,-124.51321,40.48518,-124.50729,40.48068,-124.50721,40.48060,-124.51310,FALSE,FALSE,FALSE,FALSE,FALSE,FALSE,FALSE,FALSE,FALSE,FALSE,FALSE,FALSE,FALSE,FALSE,FALSE,FALSE,FALSE,FALSE,FALSE
CM50,CM,REF,,40.47792,-124.51127,40.48013,-124.51428,40.48021,-124.50836,40.47572,-124.50828,40.47563,-124.51416,FALSE,FALSE,FALSE,FALSE,FALSE,FALSE,FALSE,FALSE,FALSE,FALSE,FALSE,FALSE,FALSE,FALSE,FALSE,FALSE,FALSE,FALSE,FALSE
CM51,CM,REF,,40.47297,-124.51116,40.47518,-124.51417,40.47526,-124.50825,40.47076,-124.50816,40.47068,-124.51405,TRUE,FALSE,FALSE,FALSE,FALSE,FALSE,FALSE,FALSE,FALSE,FALSE,FALSE,TRUE,TRUE,TRUE,TRUE,FALSE,FALSE,FALSE,FALSE
CM52,CM,REF,,40.46802,-124.51105,40.47022,-124.51405,40.47031,-124.50814,40.46581,-124.50805,40.46572,-124.51394,FALSE,FALSE,FALSE,FALSE,FALSE,FALSE,FALSE,FALSE,FALSE,FALSE,FALSE,TRUE,TRUE,FALSE,FALSE,TRUE,FALSE,FALSE,FALSE
CM53,CM,REF,,40.46240,-124.51033,40.46460,-124.51334,40.46469,-124.50742,40.46019,-124.50734,40.46010,-124.51323,FALSE,FALSE,FALSE,FALSE,FALSE,FALSE,FALSE,FALSE,FALSE,FALSE,FALSE,FALSE,FALSE,FALSE,FALSE,FALSE,FALSE,FALSE,FALSE
CM54,CM,MPA,,40.42641,-124.41842,40.42408,-124.41542,40.42408,-124.42142,40.42875,-124.42142,40.42874,-124.41542,FALSE,FALSE,FALSE,FALSE,FALSE,FALSE,FALSE,FALSE,FALSE,FALSE,FALSE,FALSE,FALSE,FALSE,FALSE,FALSE,FALSE,FALSE,FALSE
CM55,CM,MPA,,40.42625,-124.43091,40.42859,-124.43391,40.42859,-124.42791,40.42392,-124.42791,40.42392,-124.43391,TRUE,FALSE,FALSE,FALSE,FALSE,FALSE,FALSE,FALSE,FALSE,FALSE,FALSE,TRUE,TRUE,TRUE,TRUE,TRUE,TRUE,TRUE,TRUE
CM56,CM,MPA,,40.43116,-124.43538,40.43349,-124.43838,40.43349,-124.43238,40.42882,-124.43238,40.42882,-124.43838,FALSE,FALSE,FALSE,FALSE,FALSE,FALSE,FALSE,FALSE,FALSE,FALSE,FALSE,FALSE,FALSE,FALSE,FALSE,FALSE,FALSE,FALSE,FALSE
CM57,CM,MPA,,40.42617,-124.43739,40.42384,-124.44039,40.42851,-124.44039,40.42851,-124.43439,40.42384,-124.43439,TRUE,FALSE,FALSE,FALSE,FALSE,FALSE,FALSE,FALSE,FALSE,FALSE,FALSE,TRUE,TRUE,TRUE,TRUE,TRUE,TRUE,TRUE,TRUE
CM58,CM,MPA,,40.42138,-124.42492,40.42371,-124.42792,40.42371,-124.42192,40.41904,-124.42192,40.41904,-124.42792,FALSE,FALSE,FALSE,FALSE,FALSE,FALSE,FALSE,FALSE,FALSE,FALSE,FALSE,FALSE,FALSE,FALSE,FALSE,FALSE,FALSE,FALSE,FALSE
CM59,CM,MPA,,40.43043,-124.47364,40.43265,-124.47663,40.43270,-124.47074,40.42821,-124.47065,40.42815,-124.47654,TRUE,FALSE,FALSE,FALSE,FALSE,FALSE,FALSE,FALSE,FALSE,FALSE,FALSE,FALSE,FALSE,FALSE,FALSE,FALSE,FALSE,TRUE,FALSE
CM60,CM,MPA,,40.42633,-124.42467,40.42867,-124.42767,40.42867,-124.42167,40.42400,-124.42167,40.42400,-124.42767,TRUE,FALSE,FALSE,FALSE,FALSE,FALSE,FALSE,FALSE,FALSE,FALSE,FALSE,TRUE,TRUE,TRUE,TRUE,TRUE,TRUE,TRUE,TRUE
CM61,CM,MPA,,40.42062,-124.48347,40.42282,-124.48647,40.42291,-124.48056,40.41841,-124.48047,40.41832,-124.48636,TRUE,FALSE,FALSE,FALSE,FALSE,FALSE,FALSE,FALSE,FALSE,FALSE,FALSE,FALSE,FALSE,FALSE,FALSE,TRUE,FALSE,FALSE,FALSE
CM62,CM,MPA,,40.43052,-124.48369,40.43273,-124.48669,40.43282,-124.48078,40.42831,-124.48069,40.42823,-124.48658,FALSE,FALSE,FALSE,FALSE,FALSE,FALSE,FALSE,FALSE,FALSE,FALSE,FALSE,TRUE,FALSE,TRUE,TRUE,FALSE,TRUE,TRUE,FALSE
CM63,CM,MPA,,40.42070,-124.47699,40.42291,-124.47999,40.42299,-124.47408,40.41849,-124.47399,40.41841,-124.47988,TRUE,FALSE,FALSE,FALSE,FALSE,FALSE,FALSE,FALSE,FALSE,FALSE,FALSE,FALSE,FALSE,TRUE,TRUE,FALSE,TRUE,FALSE,FALSE
CM64,CM,MPA,,40.42565,-124.47768,40.42787,-124.48067,40.42793,-124.47478,40.42342,-124.47470,40.42337,-124.48059,TRUE,FALSE,FALSE,FALSE,FALSE,FALSE,FALSE,FALSE,FALSE,FALSE,FALSE,TRUE,TRUE,TRUE,FALSE,TRUE,FALSE,FALSE,TRUE
CM65,CM,MPA,,40.42587,-124.46059,40.42809,-124.46359,40.42817,-124.45770,40.42364,-124.45759,40.42358,-124.46348,FALSE,FALSE,FALSE,FALSE,FALSE,FALSE,FALSE,FALSE,FALSE,FALSE,FALSE,FALSE,FALSE,FALSE,FALSE,FALSE,FALSE,FALSE,FALSE
CM66,CM,MPA,,40.43079,-124.46305,40.43301,-124.46606,40.43309,-124.46017,40.42857,-124.46006,40.42851,-124.46595,FALSE,FALSE,FALSE,FALSE,FALSE,FALSE,FALSE,FALSE,FALSE,FALSE,FALSE,FALSE,FALSE,FALSE,FALSE,FALSE,FALSE,FALSE,FALSE
CM67,CM,MPA,,40.42094,-124.45813,40.42316,-124.46113,40.42324,-124.45524,40.41872,-124.45513,40.41866,-124.46102,FALSE,FALSE,FALSE,FALSE,FALSE,FALSE,FALSE,FALSE,FALSE,FALSE,FALSE,TRUE,TRUE,TRUE,TRUE,FALSE,TRUE,TRUE,TRUE
CM68,CM,MPA,,40.42108,-124.44752,40.42329,-124.45052,40.42338,-124.44463,40.41885,-124.44452,40.41880,-124.45041,FALSE,FALSE,FALSE,FALSE,FALSE,FALSE,FALSE,FALSE,FALSE,FALSE,FALSE,FALSE,FALSE,FALSE,FALSE,FALSE,FALSE,FALSE,FALSE
CM69,CM,MPA,,40.43139,-124.45128,40.43361,-124.45428,40.43369,-124.44839,40.42916,-124.44828,40.42911,-124.45417,FALSE,FALSE,FALSE,FALSE,FALSE,FALSE,FALSE,FALSE,FALSE,FALSE,FALSE,FALSE,FALSE,FALSE,FALSE,FALSE,FALSE,FALSE,FALSE
CM70,CM,MPA,,40.42086,-124.46520,40.42307,-124.46820,40.42316,-124.46231,40.41863,-124.46220,40.41857,-124.46809,FALSE,FALSE,FALSE,FALSE,FALSE,FALSE,FALSE,FALSE,FALSE,FALSE,FALSE,FALSE,FALSE,FALSE,FALSE,FALSE,FALSE,FALSE,FALSE
CM71,CM,MPA,,40.41874,-124.48961,40.42094,-124.49262,40.42103,-124.48671,40.41653,-124.48662,40.41644,-124.49251,FALSE,FALSE,FALSE,FALSE,FALSE,FALSE,FALSE,FALSE,FALSE,FALSE,FALSE,TRUE,FALSE,FALSE,FALSE,TRUE,TRUE,TRUE,TRUE
CM72,CM,MPA,,40.42639,-124.48996,40.42860,-124.49297,40.42869,-124.48705,40.42418,-124.48697,40.42410,-124.49286,TRUE,FALSE,FALSE,FALSE,FALSE,FALSE,FALSE,FALSE,FALSE,FALSE,FALSE,TRUE,TRUE,TRUE,TRUE,FALSE,FALSE,TRUE,TRUE
CM73,CM,MPA,,40.43224,-124.49021,40.43445,-124.49321,40.43453,-124.48730,40.43003,-124.48721,40.42995,-124.49310,FALSE,FALSE,FALSE,FALSE,FALSE,FALSE,FALSE,FALSE,FALSE,FALSE,FALSE,FALSE,TRUE,FALSE,FALSE,TRUE,TRUE,FALSE,FALSE
CM74,CM,MPA,,40.42078,-124.47109,40.42300,-124.47409,40.42308,-124.46820,40.41855,-124.46809,40.41850,-124.47398,FALSE,FALSE,FALSE,FALSE,FALSE,FALSE,FALSE,FALSE,FALSE,FALSE,FALSE,FALSE,FALSE,FALSE,FALSE,TRUE,TRUE,FALSE,FALSE
CM75,CM,MPA,,40.42558,-124.48358,40.42778,-124.48658,40.42787,-124.48067,40.42337,-124.48059,40.42328,-124.48647,FALSE,FALSE,FALSE,FALSE,FALSE,FALSE,FALSE,FALSE,FALSE,FALSE,FALSE,TRUE,TRUE,TRUE,TRUE,FALSE,FALSE,FALSE,FALSE
CM76,CM,MPA,,40.42572,-124.47179,40.42800,-124.46889,40.42350,-124.46881,40.42344,-124.47469,40.42794,-124.47478,TRUE,FALSE,FALSE,FALSE,FALSE,FALSE,FALSE,FALSE,FALSE,FALSE,FALSE,TRUE,FALSE,TRUE,TRUE,TRUE,FALSE,FALSE,TRUE
CM77,CM,MPA,,40.42595,-124.45411,40.42817,-124.45711,40.42825,-124.45122,40.42372,-124.45111,40.42367,-124.45700,FALSE,FALSE,FALSE,FALSE,FALSE,FALSE,FALSE,FALSE,FALSE,FALSE,FALSE,TRUE,TRUE,TRUE,TRUE,TRUE,FALSE,FALSE,FALSE
CMMM,CM,MPA,,,,,,,,,,,,FALSE,FALSE,FALSE,FALSE,FALSE,FALSE,FALSE,FALSE,FALSE,FALSE,FALSE,FALSE,FALSE,FALSE,FALSE,TRUE,FALSE,FALSE,FALSE
CMRR,CM,REF,,,,,,,,,,,,FALSE,FALSE,FALSE,FALSE,FALSE,FALSE,FALSE,FALSE,FALSE,FALSE,FALSE,FALSE,FALSE,FALSE,FALSE,FALSE,FALSE,FALSE,FALSE
CP01,CP,MPA,,34.06428,-120.08381,34.06656,-120.08648,34.06650,-120.08106,34.06200,-120.08114,34.06206,-120.08655,FALSE,FALSE,FALSE,FALSE,FALSE,FALSE,FALSE,FALSE,FALSE,FALSE,FALSE,FALSE,FALSE,FALSE,FALSE,TRUE,FALSE,TRUE,TRUE
CP02,CP,MPA,,34.06423,-120.07822,34.06195,-120.07554,34.06200,-120.08096,34.06651,-120.08090,34.06646,-120.07548,FALSE,FALSE,FALSE,FALSE,FALSE,FALSE,FALSE,FALSE,FALSE,FALSE,FALSE,TRUE,FALSE,FALSE,FALSE,FALSE,TRUE,TRUE,TRUE
CP03,CP,MPA,,34.06426,-120.07269,34.06658,-120.07531,34.06644,-120.06990,34.06194,-120.07006,34.06207,-120.07547,FALSE,FALSE,FALSE,FALSE,FALSE,FALSE,FALSE,FALSE,FALSE,FALSE,FALSE,TRUE,FALSE,FALSE,FALSE,FALSE,TRUE,TRUE,FALSE
CP04,CP,MPA,,34.06430,-120.06709,34.06206,-120.06981,34.06657,-120.06978,34.06654,-120.06437,34.06204,-120.06440,FALSE,FALSE,FALSE,FALSE,FALSE,FALSE,FALSE,FALSE,FALSE,FALSE,FALSE,FALSE,FALSE,FALSE,TRUE,TRUE,TRUE,TRUE,FALSE
CP05,CP,MPA,,34.06422,-120.06142,34.06651,-120.06409,34.06644,-120.05868,34.06194,-120.05876,34.06200,-120.06417,TRUE,FALSE,FALSE,FALSE,FALSE,FALSE,FALSE,FALSE,FALSE,FALSE,FALSE,TRUE,FALSE,FALSE,TRUE,TRUE,TRUE,TRUE,TRUE
CP06,CP,MPA,,34.06041,-120.05378,34.06270,-120.05644,34.06263,-120.05103,34.05812,-120.05111,34.05820,-120.05653,FALSE,FALSE,FALSE,FALSE,FALSE,FALSE,FALSE,FALSE,FALSE,FALSE,FALSE,FALSE,TRUE,TRUE,TRUE,FALSE,FALSE,FALSE,TRUE
CP07,CP,MPA,,34.04995,-120.04572,34.05223,-120.04839,34.05217,-120.04298,34.04766,-120.04306,34.04773,-120.04847,TRUE,FALSE,FALSE,FALSE,FALSE,FALSE,FALSE,FALSE,FALSE,FALSE,FALSE,FALSE,TRUE,TRUE,TRUE,TRUE,TRUE,TRUE,TRUE
CP08,CP,MPA,,34.05963,-120.08386,34.06194,-120.08649,34.06182,-120.08108,34.05732,-120.08123,34.05744,-120.08664,FALSE,FALSE,FALSE,FALSE,FALSE,FALSE,FALSE,FALSE,FALSE,FALSE,FALSE,FALSE,TRUE,FALSE,FALSE,TRUE,TRUE,TRUE,FALSE
CP09,CP,MPA,,34.05957,-120.07828,34.06187,-120.08094,34.06179,-120.07553,34.05728,-120.07563,34.05737,-120.08104,FALSE,FALSE,FALSE,FALSE,FALSE,FALSE,FALSE,FALSE,FALSE,FALSE,FALSE,TRUE,FALSE,TRUE,TRUE,TRUE,TRUE,TRUE,TRUE
CP10,CP,MPA,,34.05960,-120.07260,34.06192,-120.07522,34.06178,-120.06981,34.05728,-120.06998,34.05742,-120.07539,TRUE,FALSE,FALSE,FALSE,FALSE,FALSE,FALSE,FALSE,FALSE,FALSE,FALSE,FALSE,FALSE,FALSE,TRUE,TRUE,TRUE,TRUE,TRUE
CP11,CP,MPA,,34.05966,-120.06689,34.06197,-120.06952,34.06184,-120.06411,34.05734,-120.06426,34.05747,-120.06967,FALSE,FALSE,FALSE,FALSE,FALSE,FALSE,FALSE,FALSE,FALSE,FALSE,FALSE,TRUE,TRUE,TRUE,TRUE,TRUE,TRUE,TRUE,FALSE
CP12,CP,MPA,,34.05490,-120.07319,34.05722,-120.07581,34.05709,-120.07040,34.05259,-120.07056,34.05272,-120.07597,TRUE,FALSE,FALSE,FALSE,FALSE,FALSE,FALSE,FALSE,FALSE,FALSE,FALSE,FALSE,TRUE,TRUE,TRUE,TRUE,TRUE,FALSE,FALSE
CP13,CP,MPA,,34.05021,-120.07611,34.05252,-120.07873,34.05239,-120.07332,34.04789,-120.07348,34.04802,-120.07889,FALSE,FALSE,FALSE,FALSE,FALSE,FALSE,FALSE,FALSE,FALSE,FALSE,FALSE,TRUE,FALSE,TRUE,FALSE,FALSE,FALSE,FALSE,FALSE
CP14,CP,MPA,,34.04956,-120.08357,34.05187,-120.08621,34.05177,-120.08080,34.04726,-120.08093,34.04736,-120.08634,FALSE,FALSE,FALSE,FALSE,FALSE,FALSE,FALSE,FALSE,FALSE,FALSE,FALSE,TRUE,TRUE,TRUE,TRUE,FALSE,FALSE,FALSE,TRUE
CP15,CP,MPA,,34.05021,-120.06979,34.05253,-120.07242,34.05239,-120.06701,34.04789,-120.06717,34.04802,-120.07258,FALSE,FALSE,FALSE,FALSE,FALSE,FALSE,FALSE,FALSE,FALSE,FALSE,FALSE,FALSE,TRUE,FALSE,FALSE,TRUE,TRUE,TRUE,TRUE
CP16,CP,MPA,,34.05026,-120.06403,34.05253,-120.06671,34.05249,-120.06130,34.04799,-120.06135,34.04803,-120.06676,FALSE,FALSE,FALSE,FALSE,FALSE,FALSE,FALSE,FALSE,FALSE,FALSE,FALSE,FALSE,FALSE,TRUE,TRUE,TRUE,FALSE,FALSE,FALSE
CP17,CP,MPA,,34.04559,-120.07073,34.04791,-120.07335,34.04777,-120.06794,34.04326,-120.06811,34.04341,-120.07352,FALSE,FALSE,FALSE,FALSE,FALSE,FALSE,FALSE,FALSE,FALSE,FALSE,FALSE,TRUE,TRUE,TRUE,TRUE,FALSE,FALSE,FALSE,FALSE
CP18,CP,MPA,,34.05249,-120.05216,34.05478,-120.05482,34.05470,-120.04941,34.05020,-120.04950,34.05027,-120.05491,TRUE,FALSE,FALSE,FALSE,FALSE,FALSE,FALSE,FALSE,FALSE,FALSE,FALSE,TRUE,TRUE,TRUE,TRUE,FALSE,FALSE,FALSE,TRUE
CP19,CP,MPA,,34.03990,-120.02050,34.04219,-120.02316,34.04211,-120.01775,34.03761,-120.01783,34.03768,-120.02324,FALSE,FALSE,FALSE,FALSE,FALSE,FALSE,FALSE,FALSE,FALSE,FALSE,FALSE,FALSE,FALSE,FALSE,FALSE,FALSE,FALSE,FALSE,FALSE
CP20,CP,MPA,,34.04419,-120.04923,34.04641,-120.05197,34.04647,-120.04656,34.04197,-120.04649,34.04191,-120.05191,TRUE,FALSE,FALSE,FALSE,FALSE,FALSE,FALSE,FALSE,FALSE,FALSE,FALSE,FALSE,FALSE,TRUE,FALSE,TRUE,TRUE,TRUE,TRUE
CP21,CP,MPA,,34.04415,-120.05668,34.04188,-120.05936,34.04639,-120.05940,34.04641,-120.05399,34.04191,-120.05395,FALSE,FALSE,FALSE,FALSE,FALSE,FALSE,FALSE,FALSE,FALSE,FALSE,FALSE,TRUE,FALSE,TRUE,FALSE,FALSE,FALSE,FALSE,TRUE
CP22,CP,REF,,34.05976,-120.08955,34.06205,-120.09221,34.06198,-120.08680,34.05747,-120.08689,34.05754,-120.09230,FALSE,FALSE,FALSE,FALSE,FALSE,FALSE,FALSE,FALSE,FALSE,FALSE,FALSE,TRUE,TRUE,FALSE,FALSE,TRUE,TRUE,TRUE,TRUE
CP23,CP,REF,,34.05515,-120.09236,34.05747,-120.09498,34.05733,-120.08957,34.05283,-120.08973,34.05296,-120.09514,TRUE,FALSE,FALSE,FALSE,FALSE,FALSE,FALSE,FALSE,FALSE,FALSE,FALSE,TRUE,TRUE,TRUE,TRUE,TRUE,TRUE,TRUE,FALSE
CP24,CP,REF,,34.05506,-120.09808,34.05737,-120.10071,34.05725,-120.09530,34.05275,-120.09544,34.05287,-120.10086,TRUE,FALSE,FALSE,FALSE,FALSE,FALSE,FALSE,FALSE,FALSE,FALSE,FALSE,TRUE,FALSE,FALSE,TRUE,TRUE,TRUE,TRUE,FALSE
CP25,CP,REF,,34.04778,-120.12294,34.05011,-120.12555,34.04994,-120.12014,34.04544,-120.12034,34.04560,-120.12575,TRUE,FALSE,FALSE,FALSE,FALSE,FALSE,FALSE,FALSE,FALSE,FALSE,FALSE,TRUE,TRUE,TRUE,TRUE,FALSE,TRUE,TRUE,TRUE
CP26,CP,REF,,34.04475,-120.11717,34.04708,-120.11978,34.04692,-120.11438,34.04242,-120.11456,34.04258,-120.11997,FALSE,FALSE,FALSE,FALSE,FALSE,FALSE,FALSE,FALSE,FALSE,FALSE,FALSE,TRUE,TRUE,TRUE,TRUE,TRUE,TRUE,FALSE,FALSE
CP27,CP,REF,,34.05021,-120.12871,34.05250,-120.13137,34.05242,-120.12596,34.04792,-120.12605,34.04800,-120.13146,FALSE,FALSE,FALSE,FALSE,FALSE,FALSE,FALSE,FALSE,FALSE,FALSE,FALSE,TRUE,FALSE,FALSE,TRUE,TRUE,TRUE,TRUE,FALSE
CP28,CP,REF,,34.05071,-120.13541,34.05301,-120.13806,34.05292,-120.13265,34.04842,-120.13276,34.04850,-120.13817,FALSE,FALSE,FALSE,FALSE,FALSE,FALSE,FALSE,FALSE,FALSE,FALSE,FALSE,FALSE,TRUE,FALSE,TRUE,TRUE,TRUE,TRUE,TRUE
CP29,CP,REF,,34.04607,-120.13532,34.04387,-120.13808,34.04837,-120.13798,34.04828,-120.13257,34.04378,-120.13267,FALSE,FALSE,FALSE,FALSE,FALSE,FALSE,FALSE,FALSE,FALSE,FALSE,FALSE,FALSE,FALSE,TRUE,TRUE,TRUE,TRUE,FALSE,FALSE
CP30,CP,REF,,34.05069,-120.14121,34.04848,-120.14396,34.05298,-120.14387,34.05290,-120.13846,34.04840,-120.13855,FALSE,FALSE,FALSE,FALSE,FALSE,FALSE,FALSE,FALSE,FALSE,FALSE,FALSE,FALSE,FALSE,TRUE,TRUE,TRUE,TRUE,FALSE,TRUE
CP31,CP,REF,,34.05368,-120.14673,34.05598,-120.14938,34.05589,-120.14397,34.05138,-120.14408,34.05147,-120.14949,FALSE,FALSE,FALSE,FALSE,FALSE,FALSE,FALSE,FALSE,FALSE,FALSE,FALSE,FALSE,FALSE,FALSE,FALSE,TRUE,TRUE,TRUE,TRUE
CP32,CP,REF,,34.04136,-120.14042,34.04366,-120.14307,34.04356,-120.13766,34.03905,-120.13778,34.03915,-120.14319,FALSE,FALSE,FALSE,FALSE,FALSE,FALSE,FALSE,FALSE,FALSE,FALSE,FALSE,TRUE,FALSE,TRUE,FALSE,FALSE,FALSE,TRUE,TRUE
CP33,CP,REF,,34.04139,-120.13478,34.04364,-120.13748,34.04364,-120.13207,34.03913,-120.13207,34.03913,-120.13748,TRUE,FALSE,FALSE,FALSE,FALSE,FALSE,FALSE,FALSE,FALSE,FALSE,FALSE,TRUE,FALSE,TRUE,FALSE,FALSE,FALSE,TRUE,TRUE
CP34,CP,REF,,34.03994,-120.12895,34.03772,-120.13171,34.04222,-120.13161,34.04215,-120.12620,34.03764,-120.12630,FALSE,FALSE,FALSE,FALSE,FALSE,FALSE,FALSE,FALSE,FALSE,FALSE,FALSE,TRUE,TRUE,TRUE,FALSE,TRUE,FALSE,FALSE,TRUE
CP35,CP,REF,,34.04977,-120.10296,34.05204,-120.10564,34.05199,-120.10022,34.04749,-120.10028,34.04753,-120.10569,FALSE,FALSE,FALSE,FALSE,FALSE,FALSE,FALSE,FALSE,FALSE,FALSE,FALSE,FALSE,TRUE,TRUE,TRUE,FALSE,FALSE,TRUE,FALSE
CP36,CP,REF,,34.04549,-120.12893,34.04780,-120.13157,34.04768,-120.12616,34.04318,-120.12630,34.04329,-120.13171,FALSE,FALSE,FALSE,FALSE,FALSE,FALSE,FALSE,FALSE,FALSE,FALSE,FALSE,TRUE,FALSE,TRUE,TRUE,TRUE,FALSE,FALSE,TRUE
CP37,CP,REF,,34.04002,-120.12185,34.04223,-120.12461,34.04231,-120.11920,34.03780,-120.11910,34.03773,-120.12451,TRUE,FALSE,FALSE,FALSE,FALSE,FALSE,FALSE,FALSE,FALSE,FALSE,FALSE,FALSE,TRUE,TRUE,TRUE,TRUE,TRUE,TRUE,TRUE
CP38,CP,REF,,34.03948,-120.11554,34.04173,-120.11825,34.04174,-120.11284,34.03723,-120.11282,34.03722,-120.11824,TRUE,FALSE,FALSE,FALSE,FALSE,FALSE,FALSE,FALSE,FALSE,FALSE,FALSE,FALSE,TRUE,TRUE,FALSE,FALSE,TRUE,TRUE,TRUE
CPMM,CP,MPA,,,,,,,,,,,,TRUE,FALSE,FALSE,FALSE,FALSE,FALSE,FALSE,FALSE,FALSE,FALSE,FALSE,TRUE,FALSE,FALSE,TRUE,TRUE,TRUE,FALSE,FALSE
CPRR,CP,REF,,,,,,,,,,,,TRUE,FALSE,FALSE,FALSE,FALSE,FALSE,FALSE,FALSE,FALSE,FALSE,FALSE,TRUE,FALSE,FALSE,FALSE,TRUE,TRUE,FALSE,FALSE
FN01,FN,REF,,37.73252,-123.03683,37.73478,-123.03967,37.73478,-123.03400,37.73027,-123.03399,37.73027,-123.03967,TRUE,FALSE,FALSE,FALSE,FALSE,FALSE,FALSE,FALSE,FALSE,FALSE,FALSE,FALSE,FALSE,FALSE,FALSE,FALSE,FALSE,TRUE,TRUE
FN02,FN,REF,,37.72752,-123.03951,37.72977,-123.04235,37.72977,-123.03668,37.72527,-123.03667,37.72527,-123.04235,TRUE,FALSE,FALSE,FALSE,FALSE,FALSE,FALSE,FALSE,FALSE,FALSE,FALSE,TRUE,FALSE,FALSE,FALSE,FALSE,FALSE,TRUE,TRUE
FN03,FN,REF,,37.72453,-123.04571,37.72678,-123.04855,37.72678,-123.04288,37.72227,-123.04288,37.72227,-123.04855,TRUE,FALSE,FALSE,FALSE,FALSE,FALSE,FALSE,FALSE,FALSE,FALSE,FALSE,TRUE,FALSE,FALSE,FALSE,FALSE,FALSE,TRUE,TRUE
FN04,FN,REF,,37.71969,-123.04526,37.72194,-123.04810,37.72195,-123.04243,37.71744,-123.04243,37.71744,-123.04810,TRUE,FALSE,FALSE,FALSE,FALSE,FALSE,FALSE,FALSE,FALSE,FALSE,FALSE,TRUE,FALSE,FALSE,FALSE,FALSE,FALSE,TRUE,TRUE
FN05,FN,REF,,37.72062,-123.03882,37.72287,-123.04166,37.72287,-123.03599,37.71836,-123.03598,37.71836,-123.04166,FALSE,FALSE,FALSE,FALSE,FALSE,FALSE,FALSE,FALSE,FALSE,FALSE,FALSE,TRUE,FALSE,FALSE,FALSE,FALSE,FALSE,FALSE,TRUE
FN06,FN,REF,,37.72209,-123.03243,37.72434,-123.03527,37.72435,-123.02960,37.71984,-123.02959,37.71984,-123.03527,TRUE,FALSE,FALSE,FALSE,FALSE,FALSE,FALSE,FALSE,FALSE,FALSE,FALSE,TRUE,FALSE,FALSE,FALSE,FALSE,FALSE,TRUE,TRUE
FN07,FN,REF,,37.71439,-123.04522,37.71664,-123.04806,37.71664,-123.04239,37.71213,-123.04239,37.71213,-123.04806,TRUE,FALSE,FALSE,FALSE,FALSE,FALSE,FALSE,FALSE,FALSE,FALSE,FALSE,TRUE,FALSE,FALSE,FALSE,FALSE,FALSE,TRUE,TRUE
FN08,FN,REF,,37.71540,-123.03897,37.71765,-123.04181,37.71765,-123.03614,37.71314,-123.03614,37.71314,-123.04181,TRUE,FALSE,FALSE,FALSE,FALSE,FALSE,FALSE,FALSE,FALSE,FALSE,FALSE,FALSE,FALSE,FALSE,FALSE,FALSE,FALSE,FALSE,FALSE
FN09,FN,REF,,37.71731,-123.03233,37.71956,-123.03517,37.71956,-123.02949,37.71505,-123.02949,37.71505,-123.03517,TRUE,FALSE,FALSE,FALSE,FALSE,FALSE,FALSE,FALSE,FALSE,FALSE,FALSE,TRUE,FALSE,FALSE,FALSE,FALSE,FALSE,TRUE,TRUE
FN10,FN,MPA,,37.70670,-123.01112,37.70895,-123.01396,37.70895,-123.00829,37.70444,-123.00829,37.70444,-123.01396,TRUE,FALSE,FALSE,FALSE,FALSE,FALSE,FALSE,FALSE,FALSE,FALSE,FALSE,FALSE,FALSE,FALSE,FALSE,FALSE,FALSE,FALSE,TRUE
FN11,FN,MPA,,37.70742,-123.00270,37.70967,-123.00553,37.70967,-122.99986,37.70517,-122.99986,37.70517,-123.00553,TRUE,FALSE,FALSE,FALSE,FALSE,FALSE,FALSE,FALSE,FALSE,FALSE,FALSE,TRUE,FALSE,FALSE,FALSE,FALSE,FALSE,FALSE,FALSE
FN12,FN,MPA,,37.70122,-122.99525,37.70348,-122.99808,37.70348,-122.99241,37.69897,-122.99241,37.69897,-122.99808,TRUE,FALSE,FALSE,FALSE,FALSE,FALSE,FALSE,FALSE,FALSE,FALSE,FALSE,TRUE,FALSE,FALSE,FALSE,FALSE,FALSE,TRUE,TRUE
FN13,FN,MPA,,37.69532,-123.02901,37.69757,-123.03185,37.69757,-123.02618,37.69307,-123.02617,37.69307,-123.03185,TRUE,FALSE,FALSE,FALSE,FALSE,FALSE,FALSE,FALSE,FALSE,FALSE,FALSE,TRUE,FALSE,FALSE,FALSE,FALSE,FALSE,TRUE,TRUE
FN14,FN,MPA,,37.69038,-123.02728,37.69264,-123.03012,37.69264,-123.02444,37.68813,-123.02444,37.68813,-123.03011,TRUE,FALSE,FALSE,FALSE,FALSE,FALSE,FALSE,FALSE,FALSE,FALSE,FALSE,TRUE,FALSE,FALSE,FALSE,FALSE,FALSE,TRUE,TRUE
FN15,FN,MPA,,37.69041,-123.02108,37.69266,-123.02392,37.69266,-123.01825,37.68815,-123.01825,37.68815,-123.02392,FALSE,FALSE,FALSE,FALSE,FALSE,FALSE,FALSE,FALSE,FALSE,FALSE,FALSE,TRUE,FALSE,FALSE,FALSE,FALSE,FALSE,TRUE,FALSE
FN16,FN,MPA,,37.68887,-123.01494,37.69112,-123.01777,37.69112,-123.01210,37.68661,-123.01210,37.68661,-123.01777,FALSE,FALSE,FALSE,FALSE,FALSE,FALSE,FALSE,FALSE,FALSE,FALSE,FALSE,FALSE,FALSE,FALSE,FALSE,FALSE,FALSE,TRUE,TRUE
FN17,FN,MPA,,37.68576,-123.02381,37.68801,-123.02664,37.68801,-123.02097,37.68350,-123.02097,37.68350,-123.02664,TRUE,FALSE,FALSE,FALSE,FALSE,FALSE,FALSE,FALSE,FALSE,FALSE,FALSE,TRUE,FALSE,FALSE,FALSE,FALSE,FALSE,TRUE,TRUE
FN18,FN,MPA,,37.68385,-123.01761,37.68610,-123.02045,37.68611,-123.01478,37.68160,-123.01478,37.68160,-123.02045,TRUE,FALSE,FALSE,FALSE,FALSE,FALSE,FALSE,FALSE,FALSE,FALSE,FALSE,TRUE,FALSE,FALSE,FALSE,FALSE,FALSE,TRUE,FALSE
FN19,FN,MPA,,37.68127,-123.00836,37.68353,-123.01120,37.68353,-123.00553,37.67902,-123.00553,37.67902,-123.01120,FALSE,FALSE,FALSE,FALSE,FALSE,FALSE,FALSE,FALSE,FALSE,FALSE,FALSE,TRUE,FALSE,FALSE,FALSE,FALSE,FALSE,TRUE,TRUE
FN20,FN,MPA,,37.68098,-123.00103,37.68324,-123.00387,37.68324,-122.99820,37.67873,-122.99820,37.67873,-123.00387,TRUE,FALSE,FALSE,FALSE,FALSE,FALSE,FALSE,FALSE,FALSE,FALSE,FALSE,FALSE,FALSE,FALSE,FALSE,FALSE,FALSE,FALSE,FALSE
FN21,FN,MPA,,37.68572,-123.00102,37.68797,-123.00385,37.68797,-122.99818,37.68346,-122.99818,37.68346,-123.00385,TRUE,FALSE,FALSE,FALSE,FALSE,FALSE,FALSE,FALSE,FALSE,FALSE,FALSE,TRUE,FALSE,FALSE,FALSE,FALSE,FALSE,TRUE,TRUE
FN22,FN,MPA,,37.68598,-122.99486,37.68824,-122.99770,37.68824,-122.99203,37.68373,-122.99203,37.68373,-122.99770,FALSE,FALSE,FALSE,FALSE,FALSE,FALSE,FALSE,FALSE,FALSE,FALSE,FALSE,FALSE,FALSE,FALSE,FALSE,FALSE,FALSE,FALSE,TRUE
FNMM,FN,MPA,,,,,,,,,,,,TRUE,FALSE,FALSE,FALSE,FALSE,FALSE,FALSE,FALSE,FALSE,FALSE,FALSE,FALSE,FALSE,FALSE,FALSE,FALSE,FALSE,FALSE,FALSE
FNRR,FN,REF,,,,,,,,,,,,TRUE,FALSE,FALSE,FALSE,FALSE,FALSE,FALSE,FALSE,FALSE,FALSE,FALSE,FALSE,FALSE,FALSE,FALSE,FALSE,FALSE,FALSE,FALSE
LB01,LB,REF,,33.57623,-117.85623,33.57397,-117.85846,33.57850,-117.85846,33.57850,-117.85399,33.57397,-117.85399,TRUE,FALSE,FALSE,FALSE,FALSE,FALSE,FALSE,FALSE,FALSE,FALSE,FALSE,FALSE,FALSE,FALSE,FALSE,FALSE,FALSE,FALSE,FALSE
LB02,LB,REF,,33.56376,-117.83770,33.56149,-117.83993,33.56601,-117.83993,33.56601,-117.83546,33.56149,-117.83546,TRUE,FALSE,FALSE,FALSE,FALSE,FALSE,FALSE,FALSE,FALSE,FALSE,FALSE,FALSE,FALSE,FALSE,FALSE,FALSE,FALSE,FALSE,FALSE
LB03,LB,MPA,,33.53890,-117.79230,33.53664,-117.79453,33.54116,-117.79453,33.54116,-117.79006,33.53664,-117.79006,TRUE,FALSE,FALSE,FALSE,FALSE,FALSE,FALSE,FALSE,FALSE,FALSE,FALSE,FALSE,FALSE,FALSE,FALSE,FALSE,FALSE,FALSE,FALSE
LB04,LB,MPA,,33.53563,-117.78326,33.53337,-117.78549,33.53789,-117.78549,33.53789,-117.78102,33.53337,-117.78102,TRUE,FALSE,FALSE,FALSE,FALSE,FALSE,FALSE,FALSE,FALSE,FALSE,FALSE,FALSE,FALSE,FALSE,FALSE,FALSE,FALSE,FALSE,FALSE
LB05,LB,MPA,,33.53111,-117.78085,33.52885,-117.78309,33.53337,-117.78309,33.53337,-117.77862,33.52885,-117.77862,TRUE,FALSE,FALSE,FALSE,FALSE,FALSE,FALSE,FALSE,FALSE,FALSE,FALSE,FALSE,FALSE,FALSE,FALSE,FALSE,FALSE,FALSE,FALSE
LBMM,LB,MPA,,,,,,,,,,,,FALSE,FALSE,FALSE,FALSE,FALSE,FALSE,FALSE,FALSE,FALSE,FALSE,FALSE,FALSE,FALSE,FALSE,FALSE,FALSE,FALSE,FALSE,FALSE
LBRR,LB,REF,,,,,,,,,,,,TRUE,FALSE,FALSE,FALSE,FALSE,FALSE,FALSE,FALSE,FALSE,FALSE,FALSE,FALSE,FALSE,FALSE,FALSE,FALSE,FALSE,FALSE,FALSE
LJ01,LJ,REF,,32.84926,-117.29939,32.84707,-117.30214,32.85159,-117.30198,32.85146,-117.29665,32.84694,-117.29680,TRUE,FALSE,FALSE,FALSE,FALSE,FALSE,FALSE,FALSE,FALSE,FALSE,FALSE,TRUE,FALSE,TRUE,TRUE,TRUE,TRUE,TRUE,TRUE
LJ02,LJ,REF,,32.84415,-117.30743,32.84196,-117.31017,32.84647,-117.31002,32.84634,-117.30469,32.84183,-117.30484,FALSE,FALSE,FALSE,FALSE,FALSE,FALSE,FALSE,FALSE,FALSE,FALSE,FALSE,FALSE,TRUE,TRUE,TRUE,FALSE,TRUE,TRUE,TRUE
LJ03,LJ,REF,,32.84446,-117.30121,32.84227,-117.30395,32.84678,-117.30380,32.84666,-117.29847,32.84214,-117.29862,TRUE,FALSE,FALSE,FALSE,FALSE,FALSE,FALSE,FALSE,FALSE,FALSE,FALSE,TRUE,TRUE,TRUE,TRUE,TRUE,TRUE,TRUE,TRUE
LJ04,LJ,REF,,32.83906,-117.30760,32.83686,-117.31034,32.84138,-117.31019,32.84125,-117.30485,32.83674,-117.30501,FALSE,FALSE,FALSE,FALSE,FALSE,FALSE,FALSE,FALSE,FALSE,FALSE,FALSE,TRUE,TRUE,TRUE,TRUE,TRUE,TRUE,TRUE,TRUE
LJ05,LJ,REF,,32.83916,-117.30185,32.83697,-117.30459,32.84148,-117.30444,32.84135,-117.29910,32.83684,-117.29926,TRUE,FALSE,FALSE,FALSE,FALSE,FALSE,FALSE,FALSE,FALSE,FALSE,FALSE,TRUE,TRUE,TRUE,TRUE,TRUE,TRUE,TRUE,TRUE
LJ06,LJ,REF,,32.83379,-117.30769,32.83160,-117.31043,32.83611,-117.31028,32.83598,-117.30495,32.83147,-117.30510,FALSE,FALSE,FALSE,FALSE,FALSE,FALSE,FALSE,FALSE,FALSE,FALSE,FALSE,TRUE,TRUE,TRUE,FALSE,TRUE,TRUE,FALSE,TRUE
LJ07,LJ,REF,,32.83372,-117.30194,32.83154,-117.30468,32.83605,-117.30453,32.83592,-117.29920,32.83141,-117.29935,FALSE,FALSE,FALSE,FALSE,FALSE,FALSE,FALSE,FALSE,FALSE,FALSE,FALSE,TRUE,FALSE,TRUE,TRUE,FALSE,TRUE,TRUE,FALSE
LJ08,LJ,REF,,32.82892,-117.30725,32.82673,-117.30999,32.83124,-117.30984,32.83111,-117.30451,32.82660,-117.30466,FALSE,FALSE,FALSE,FALSE,FALSE,FALSE,FALSE,FALSE,FALSE,FALSE,FALSE,FALSE,TRUE,TRUE,TRUE,TRUE,TRUE,FALSE,TRUE
LJ09,LJ,REF,,32.82892,-117.30147,32.82673,-117.30421,32.83124,-117.30406,32.83111,-117.29872,32.82660,-117.29888,TRUE,FALSE,FALSE,FALSE,FALSE,FALSE,FALSE,FALSE,FALSE,FALSE,FALSE,FALSE,TRUE,TRUE,TRUE,FALSE,TRUE,TRUE,TRUE
LJ10,LJ,MPA,,32.81976,-117.30431,32.81757,-117.30705,32.82208,-117.30690,32.82195,-117.30157,32.81744,-117.30172,TRUE,FALSE,FALSE,FALSE,FALSE,FALSE,FALSE,FALSE,FALSE,FALSE,FALSE,TRUE,TRUE,TRUE,FALSE,TRUE,TRUE,TRUE,TRUE
LJ11,LJ,MPA,,32.82025,-117.29798,32.81806,-117.30072,32.82257,-117.30057,32.82244,-117.29524,32.81793,-117.29539,TRUE,FALSE,FALSE,FALSE,FALSE,FALSE,FALSE,FALSE,FALSE,FALSE,FALSE,TRUE,FALSE,TRUE,TRUE,TRUE,FALSE,FALSE,TRUE
LJ12,LJ,MPA,,32.81322,-117.30945,32.81102,-117.31219,32.81554,-117.31204,32.81541,-117.30671,32.81090,-117.30686,TRUE,FALSE,FALSE,FALSE,FALSE,FALSE,FALSE,FALSE,FALSE,FALSE,FALSE,TRUE,TRUE,TRUE,TRUE,FALSE,TRUE,TRUE,FALSE
LJ13,LJ,MPA,,32.81478,-117.30380,32.81259,-117.30654,32.81710,-117.30639,32.81697,-117.30106,32.81246,-117.30122,TRUE,FALSE,FALSE,FALSE,FALSE,FALSE,FALSE,FALSE,FALSE,FALSE,FALSE,FALSE,TRUE,TRUE,TRUE,TRUE,TRUE,TRUE,TRUE
LJ14,LJ,MPA,,32.81455,-117.29829,32.81236,-117.30103,32.81687,-117.30088,32.81674,-117.29555,32.81223,-117.29570,FALSE,FALSE,FALSE,FALSE,FALSE,FALSE,FALSE,FALSE,FALSE,FALSE,FALSE,FALSE,TRUE,FALSE,TRUE,TRUE,TRUE,TRUE,FALSE
LJ15,LJ,MPA,,32.80824,-117.30831,32.80604,-117.31105,32.81055,-117.31090,32.81042,-117.30557,32.80591,-117.30572,FALSE,FALSE,FALSE,FALSE,FALSE,FALSE,FALSE,FALSE,FALSE,FALSE,FALSE,TRUE,FALSE,TRUE,FALSE,FALSE,FALSE,TRUE,TRUE
LJ16,LJ,MPA,,32.80977,-117.30145,32.80758,-117.30419,32.81209,-117.30404,32.81196,-117.29871,32.80745,-117.29887,TRUE,FALSE,FALSE,FALSE,FALSE,FALSE,FALSE,FALSE,FALSE,FALSE,FALSE,TRUE,TRUE,FALSE,FALSE,FALSE,TRUE,TRUE,FALSE
LJ17,LJ,MPA,,32.80835,-117.29583,32.80615,-117.29857,32.81067,-117.29842,32.81054,-117.29309,32.80603,-117.29324,TRUE,FALSE,FALSE,FALSE,FALSE,FALSE,FALSE,FALSE,FALSE,FALSE,FALSE,TRUE,TRUE,TRUE,FALSE,TRUE,TRUE,FALSE,TRUE
LJ18,LJ,MPA,,32.80508,-117.30281,32.80289,-117.30555,32.80740,-117.30540,32.80727,-117.30007,32.80276,-117.30022,FALSE,FALSE,FALSE,FALSE,FALSE,FALSE,FALSE,FALSE,FALSE,FALSE,FALSE,FALSE,TRUE,TRUE,TRUE,TRUE,TRUE,TRUE,TRUE
LJ19,LJ,MPA,,32.80335,-117.29592,32.80116,-117.29866,32.80567,-117.29851,32.80554,-117.29318,32.80103,-117.29333,TRUE,FALSE,FALSE,FALSE,FALSE,FALSE,FALSE,FALSE,FALSE,FALSE,FALSE,TRUE,FALSE,TRUE,TRUE,FALSE,FALSE,TRUE,TRUE
LJ20,LJ,MPA,,32.80175,-117.29028,32.79956,-117.29302,32.80407,-117.29287,32.80394,-117.28754,32.79943,-117.28769,FALSE,FALSE,FALSE,FALSE,FALSE,FALSE,FALSE,FALSE,FALSE,FALSE,FALSE,FALSE,TRUE,TRUE,TRUE,TRUE,FALSE,FALSE,TRUE
LJMM,LJ,MPA,,,,,,,,,,,,TRUE,FALSE,FALSE,FALSE,FALSE,FALSE,FALSE,FALSE,FALSE,FALSE,FALSE,FALSE,TRUE,TRUE,TRUE,FALSE,TRUE,TRUE,FALSE
LJRR,LJ,REF,,,,,,,,,,,,TRUE,FALSE,FALSE,FALSE,FALSE,FALSE,FALSE,FALSE,FALSE,FALSE,FALSE,TRUE,FALSE,TRUE,TRUE,TRUE,TRUE,FALSE,FALSE
PB01,PB,MPA,,35.25190,-120.91060,35.25415,-120.91335,35.25415,-120.90785,35.24965,-120.91335,35.24965,-120.90785,TRUE,TRUE,TRUE,TRUE,TRUE,TRUE,FALSE,TRUE,TRUE,TRUE,TRUE,FALSE,TRUE,TRUE,TRUE,TRUE,TRUE,TRUE,TRUE
PB02,PB,MPA,,35.25191,-120.90445,35.25416,-120.90720,35.25416,-120.90170,35.24965,-120.90720,35.24965,-120.90170,TRUE,TRUE,FALSE,TRUE,TRUE,TRUE,FALSE,TRUE,TRUE,TRUE,TRUE,TRUE,TRUE,TRUE,FALSE,TRUE,TRUE,FALSE,TRUE
PB03,PB,MPA,,35.24622,-120.90795,35.24848,-120.91070,35.24848,-120.90520,35.24397,-120.91070,35.24397,-120.90520,FALSE,TRUE,TRUE,TRUE,TRUE,TRUE,FALSE,TRUE,TRUE,TRUE,TRUE,FALSE,FALSE,TRUE,TRUE,TRUE,TRUE,TRUE,TRUE
PB04,PB,MPA,,35.24694,-120.90190,35.24919,-120.90465,35.24919,-120.89915,35.24469,-120.90465,35.24469,-120.89915,TRUE,TRUE,TRUE,TRUE,FALSE,TRUE,TRUE,TRUE,TRUE,TRUE,FALSE,TRUE,TRUE,TRUE,TRUE,FALSE,TRUE,FALSE,FALSE
PB05,PB,MPA,,35.24198,-120.90147,35.24424,-120.90422,35.24424,-120.89872,35.23973,-120.90422,35.23973,-120.89872,TRUE,TRUE,TRUE,TRUE,TRUE,FALSE,TRUE,TRUE,TRUE,TRUE,TRUE,TRUE,TRUE,TRUE,TRUE,TRUE,FALSE,TRUE,TRUE
PB06,PB,MPA,,35.23701,-120.89855,35.23927,-120.90130,35.23927,-120.89580,35.23476,-120.90130,35.23476,-120.89580,TRUE,TRUE,TRUE,TRUE,FALSE,TRUE,TRUE,FALSE,TRUE,TRUE,TRUE,TRUE,TRUE,TRUE,TRUE,TRUE,TRUE,TRUE,TRUE
PB07,PB,MPA,,35.23709,-120.89249,35.23934,-120.89524,35.23934,-120.88974,35.23484,-120.89524,35.23484,-120.88974,TRUE,TRUE,TRUE,TRUE,TRUE,TRUE,TRUE,FALSE,TRUE,FALSE,TRUE,TRUE,TRUE,FALSE,FALSE,FALSE,TRUE,TRUE,TRUE
PB08,PB,MPA,,35.23210,-120.89255,35.23435,-120.89530,35.23435,-120.88980,35.22984,-120.89530,35.22984,-120.88980,TRUE,TRUE,TRUE,TRUE,TRUE,TRUE,TRUE,TRUE,TRUE,FALSE,TRUE,TRUE,TRUE,FALSE,FALSE,FALSE,TRUE,TRUE,TRUE
PB09,PB,MPA,,35.22881,-120.88649,35.23107,-120.88924,35.23107,-120.88374,35.22656,-120.88924,35.22656,-120.88374,FALSE,TRUE,TRUE,TRUE,TRUE,TRUE,TRUE,TRUE,TRUE,TRUE,TRUE,TRUE,TRUE,TRUE,TRUE,TRUE,TRUE,FALSE,TRUE
PB10,PB,MPA,,35.22430,-120.88057,35.22655,-120.88331,35.22655,-120.87782,35.22204,-120.88331,35.22204,-120.87782,TRUE,FALSE,TRUE,TRUE,TRUE,TRUE,TRUE,TRUE,FALSE,TRUE,TRUE,FALSE,FALSE,FALSE,TRUE,FALSE,TRUE,TRUE,TRUE
PB11,PB,MPA,,35.21830,-120.87610,35.22055,-120.87885,35.22055,-120.87335,35.21605,-120.87885,35.21605,-120.87335,TRUE,TRUE,TRUE,TRUE,FALSE,TRUE,TRUE,TRUE,TRUE,TRUE,FALSE,TRUE,TRUE,TRUE,TRUE,TRUE,TRUE,FALSE,TRUE
PB12,PB,REF,,35.28722,-120.89706,35.28948,-120.89981,35.28948,-120.89432,35.28497,-120.89981,35.28497,-120.89432,TRUE,FALSE,TRUE,TRUE,TRUE,TRUE,TRUE,TRUE,TRUE,TRUE,TRUE,TRUE,TRUE,TRUE,TRUE,TRUE,TRUE,TRUE,TRUE
PB13,PB,REF,,35.28289,-120.90457,35.28515,-120.90732,35.28515,-120.90182,35.28064,-120.90732,35.28064,-120.90182,FALSE,TRUE,FALSE,TRUE,TRUE,FALSE,TRUE,TRUE,TRUE,TRUE,TRUE,FALSE,TRUE,FALSE,FALSE,FALSE,TRUE,TRUE,TRUE
PB14,PB,REF,,35.28226,-120.89852,35.28451,-120.90127,35.28451,-120.89578,35.28000,-120.90127,35.28000,-120.89578,TRUE,TRUE,TRUE,TRUE,FALSE,TRUE,TRUE,FALSE,FALSE,TRUE,TRUE,TRUE,FALSE,TRUE,TRUE,FALSE,TRUE,TRUE,TRUE
PB15,PB,REF,,35.27785,-120.90879,35.28011,-120.91154,35.28011,-120.90604,35.27560,-120.91154,35.27560,-120.90604,TRUE,TRUE,TRUE,FALSE,TRUE,TRUE,TRUE,TRUE,FALSE,TRUE,TRUE,FALSE,TRUE,FALSE,TRUE,TRUE,TRUE,TRUE,TRUE
PB16,PB,REF,,35.27729,-120.90257,35.27954,-120.90532,35.27954,-120.89982,35.27503,-120.90532,35.27503,-120.89982,TRUE,TRUE,TRUE,TRUE,TRUE,TRUE,TRUE,TRUE,TRUE,TRUE,FALSE,TRUE,TRUE,FALSE,TRUE,TRUE,TRUE,TRUE,FALSE
PB17,PB,REF,,35.27284,-120.90946,35.27510,-120.91221,35.27510,-120.90671,35.27059,-120.91221,35.27059,-120.90671,TRUE,TRUE,TRUE,TRUE,TRUE,TRUE,TRUE,TRUE,TRUE,TRUE,TRUE,TRUE,TRUE,TRUE,TRUE,TRUE,FALSE,FALSE,TRUE
PB18,PB,REF,,35.27229,-120.90338,35.27454,-120.90613,35.27454,-120.90063,35.27003,-120.90613,35.27003,-120.90063,TRUE,TRUE,TRUE,FALSE,FALSE,TRUE,TRUE,FALSE,TRUE,TRUE,FALSE,TRUE,TRUE,FALSE,TRUE,TRUE,TRUE,TRUE,TRUE
PB19,PB,REF,,35.26784,-120.91410,35.27009,-120.91685,35.27009,-120.91136,35.26559,-120.91685,35.26559,-120.91136,TRUE,TRUE,TRUE,TRUE,TRUE,TRUE,TRUE,TRUE,TRUE,TRUE,TRUE,TRUE,TRUE,TRUE,TRUE,FALSE,FALSE,TRUE,TRUE
PB20,PB,REF,,35.26727,-120.90780,35.26952,-120.91055,35.26952,-120.90506,35.26501,-120.91055,35.26501,-120.90506,FALSE,TRUE,TRUE,TRUE,TRUE,FALSE,TRUE,TRUE,TRUE,FALSE,TRUE,TRUE,TRUE,TRUE,FALSE,TRUE,TRUE,TRUE,TRUE
PB21,PB,REF,,35.26228,-120.91341,35.26453,-120.91616,35.26453,-120.91066,35.26002,-120.91616,35.26002,-120.91066,TRUE,TRUE,TRUE,TRUE,TRUE,FALSE,TRUE,TRUE,TRUE,TRUE,TRUE,TRUE,TRUE,TRUE,TRUE,TRUE,TRUE,TRUE,FALSE
PB22,PB,REF,,35.26223,-120.90708,35.26448,-120.90983,35.26448,-120.90433,35.25998,-120.90983,35.25998,-120.90433,TRUE,TRUE,TRUE,FALSE,TRUE,FALSE,TRUE,FALSE,TRUE,FALSE,TRUE,TRUE,FALSE,TRUE,TRUE,FALSE,TRUE,TRUE,TRUE
PBMM,PB,MPA,,,,,,,,,,,,FALSE,TRUE,TRUE,TRUE,TRUE,TRUE,TRUE,FALSE,TRUE,FALSE,FALSE,FALSE,FALSE,TRUE,TRUE,FALSE,FALSE,FALSE,FALSE
PBRR,PB,REF,,,,,,,,,,,,FALSE,TRUE,TRUE,TRUE,TRUE,TRUE,TRUE,TRUE,TRUE,FALSE,FALSE,FALSE,FALSE,FALSE,TRUE,FALSE,FALSE,FALSE,FALSE
PC01,PC,MPA,,34.44753,-120.48434,34.44971,-120.48154,34.44521,-120.48169,34.44534,-120.48713,34.44984,-120.48698,FALSE,FALSE,FALSE,FALSE,FALSE,FALSE,FALSE,FALSE,FALSE,FALSE,FALSE,FALSE,FALSE,FALSE,FALSE,FALSE,FALSE,FALSE,FALSE
PC02,PC,MPA,,34.44398,-120.47816,34.44627,-120.48083,34.44619,-120.47539,34.44168,-120.47549,34.44177,-120.48093,FALSE,FALSE,FALSE,FALSE,FALSE,FALSE,FALSE,FALSE,FALSE,FALSE,FALSE,FALSE,FALSE,FALSE,FALSE,FALSE,FALSE,FALSE,FALSE
PC03,PC,MPA,,34.43583,-120.46035,34.43814,-120.46300,34.43803,-120.45756,34.43353,-120.45769,34.43364,-120.46313,FALSE,FALSE,FALSE,FALSE,FALSE,FALSE,FALSE,FALSE,FALSE,FALSE,FALSE,TRUE,FALSE,FALSE,FALSE,FALSE,FALSE,FALSE,FALSE
PC04,PC,MPA,,34.36289,-120.45453,34.43860,-120.45718,34.43398,-120.45188,34.43848,-120.45175,34.43409,-120.45732,FALSE,FALSE,FALSE,FALSE,FALSE,FALSE,FALSE,FALSE,FALSE,FALSE,FALSE,TRUE,FALSE,FALSE,FALSE,FALSE,FALSE,FALSE,FALSE
PC05,PC,MPA,,34.43830,-120.44886,34.44062,-120.45151,34.44050,-120.44607,34.43600,-120.44621,34.43611,-120.45164,FALSE,FALSE,FALSE,FALSE,FALSE,FALSE,FALSE,FALSE,FALSE,FALSE,FALSE,TRUE,FALSE,FALSE,FALSE,FALSE,FALSE,FALSE,FALSE
PC06,PC,MPA,,34.43970,-120.44023,34.44187,-120.43740,34.43736,-120.43762,34.43754,-120.44306,34.44205,-120.44284,FALSE,FALSE,FALSE,FALSE,FALSE,FALSE,FALSE,FALSE,FALSE,FALSE,FALSE,FALSE,FALSE,FALSE,FALSE,FALSE,FALSE,FALSE,FALSE
PC07,PC,MPA,,34.43954,-120.43416,34.43736,-120.43695,34.44186,-120.43680,34.44173,-120.43136,34.43723,-120.43151,FALSE,FALSE,FALSE,FALSE,FALSE,FALSE,FALSE,FALSE,FALSE,FALSE,FALSE,TRUE,FALSE,FALSE,FALSE,FALSE,FALSE,FALSE,FALSE
PC08,PC,MPA,,34.43925,-120.42823,34.43692,-120.42561,34.43707,-120.43104,34.44158,-120.43085,34.44142,-120.42542,FALSE,FALSE,FALSE,FALSE,FALSE,FALSE,FALSE,FALSE,FALSE,FALSE,FALSE,TRUE,FALSE,FALSE,FALSE,FALSE,FALSE,FALSE,FALSE
PC09,PC,MPA,,34.44438,-120.43385,34.44658,-120.43106,34.44207,-120.43120,34.44218,-120.43663,34.44669,-120.43650,FALSE,FALSE,FALSE,FALSE,FALSE,FALSE,FALSE,FALSE,FALSE,FALSE,FALSE,TRUE,FALSE,FALSE,FALSE,FALSE,FALSE,FALSE,FALSE
PC10,PC,MPA,,34.44418,-120.42818,34.44652,-120.43079,34.44634,-120.42536,34.44202,-120.43101,34.44184,-120.42557,FALSE,FALSE,FALSE,FALSE,FALSE,FALSE,FALSE,FALSE,FALSE,FALSE,FALSE,TRUE,FALSE,FALSE,FALSE,FALSE,FALSE,FALSE,FALSE
PC11,PC,MPA,,34.43891,-120.42243,34.44124,-120.42505,34.44108,-120.41961,34.43658,-120.41981,34.43674,-120.42524,FALSE,FALSE,FALSE,FALSE,FALSE,FALSE,FALSE,FALSE,FALSE,FALSE,FALSE,TRUE,FALSE,FALSE,FALSE,FALSE,FALSE,FALSE,FALSE
PC12,PC,MPA,,34.44374,-120.42250,34.44610,-120.42508,34.44587,-120.41965,34.44137,-120.41992,34.44160,-120.42536,FALSE,FALSE,FALSE,FALSE,FALSE,FALSE,FALSE,FALSE,FALSE,FALSE,FALSE,TRUE,FALSE,FALSE,FALSE,FALSE,FALSE,FALSE,FALSE
PC13,PC,MPA,,34.44321,-120.46564,34.44638,-120.46598,34.44349,-120.46181,34.44003,-120.46530,34.44292,-120.46947,FALSE,FALSE,FALSE,FALSE,FALSE,FALSE,FALSE,FALSE,FALSE,FALSE,FALSE,TRUE,FALSE,FALSE,FALSE,FALSE,FALSE,FALSE,FALSE
PC14,PC,REF,,34.45898,-120.48271,34.46125,-120.48542,34.46123,-120.47998,34.45673,-120.48000,34.45674,-120.48544,FALSE,FALSE,FALSE,FALSE,FALSE,FALSE,FALSE,FALSE,FALSE,FALSE,FALSE,TRUE,FALSE,FALSE,FALSE,FALSE,FALSE,FALSE,FALSE
PC15,PC,REF,,34.45380,-120.49444,34.45607,-120.49713,34.45602,-120.49169,34.45152,-120.49175,34.45157,-120.49719,FALSE,FALSE,FALSE,FALSE,FALSE,FALSE,FALSE,FALSE,FALSE,FALSE,FALSE,FALSE,FALSE,FALSE,FALSE,FALSE,FALSE,FALSE,FALSE
PC16,PC,REF,,34.44202,-120.41368,34.44422,-120.41088,34.43971,-120.41103,34.43983,-120.41647,34.44434,-120.41632,FALSE,FALSE,FALSE,FALSE,FALSE,FALSE,FALSE,FALSE,FALSE,FALSE,FALSE,TRUE,FALSE,FALSE,FALSE,FALSE,FALSE,FALSE,FALSE
PC17,PC,REF,,34.44219,-120.40765,34.44437,-120.40485,34.43987,-120.40501,34.44001,-120.41045,34.44451,-120.41028,FALSE,FALSE,FALSE,FALSE,FALSE,FALSE,FALSE,FALSE,FALSE,FALSE,FALSE,FALSE,FALSE,FALSE,FALSE,FALSE,FALSE,FALSE,FALSE
PC18,PC,REF,,34.44155,-120.40169,34.44386,-120.40434,34.44374,-120.39890,34.43924,-120.39904,34.43935,-120.40448,FALSE,FALSE,FALSE,FALSE,FALSE,FALSE,FALSE,FALSE,FALSE,FALSE,FALSE,FALSE,FALSE,FALSE,FALSE,FALSE,FALSE,FALSE,FALSE
PC19,PC,REF,,34.43659,-120.40291,34.43894,-120.40551,34.43874,-120.40007,34.43424,-120.40031,34.43443,-120.40574,FALSE,FALSE,FALSE,FALSE,FALSE,FALSE,FALSE,FALSE,FALSE,FALSE,FALSE,TRUE,FALSE,FALSE,FALSE,FALSE,FALSE,FALSE,FALSE
PC20,PC,REF,,34.43718,-120.41164,34.43937,-120.40885,34.43486,-120.40899,34.43498,-120.41442,34.43948,-120.41429,FALSE,FALSE,FALSE,FALSE,FALSE,FALSE,FALSE,FALSE,FALSE,FALSE,FALSE,TRUE,FALSE,FALSE,FALSE,FALSE,FALSE,FALSE,FALSE
PC21,PC,REF,,34.44176,-120.39585,34.44411,-120.39845,34.44392,-120.39301,34.43942,-120.39325,34.43961,-120.39868,FALSE,FALSE,FALSE,FALSE,FALSE,FALSE,FALSE,FALSE,FALSE,FALSE,FALSE,TRUE,FALSE,FALSE,FALSE,FALSE,FALSE,FALSE,FALSE
PC22,PC,REF,,34.43577,-120.39681,34.43805,-120.39950,34.43800,-120.39406,34.43349,-120.39412,34.43354,-120.39956,FALSE,FALSE,FALSE,FALSE,FALSE,FALSE,FALSE,FALSE,FALSE,FALSE,FALSE,TRUE,FALSE,FALSE,FALSE,FALSE,FALSE,FALSE,FALSE
PC23,PC,REF,,34.45272,-120.48679,34.45048,-120.48951,34.45498,-120.48950,34.45498,-120.48406,34.45047,-120.48407,FALSE,FALSE,FALSE,FALSE,FALSE,FALSE,FALSE,FALSE,FALSE,FALSE,FALSE,TRUE,FALSE,FALSE,FALSE,FALSE,FALSE,FALSE,FALSE
PCMM,PC,MPA,,,,,,,,,,,,FALSE,FALSE,FALSE,FALSE,FALSE,FALSE,FALSE,FALSE,FALSE,FALSE,FALSE,TRUE,FALSE,FALSE,FALSE,FALSE,FALSE,FALSE,FALSE
PCRR,PC,REF,,,,,,,,,,,,FALSE,FALSE,FALSE,FALSE,FALSE,FALSE,FALSE,FALSE,FALSE,FALSE,FALSE,TRUE,FALSE,FALSE,FALSE,FALSE,FALSE,FALSE,FALSE
PL01,PL,REF,,36.58451,-121.98308,36.58675,-121.98585,36.58675,-121.98032,36.58226,-121.98585,36.58226,-121.98032,TRUE,TRUE,TRUE,TRUE,TRUE,TRUE,TRUE,TRUE,TRUE,TRUE,TRUE,TRUE,TRUE,TRUE,TRUE,TRUE,TRUE,TRUE,TRUE
PL02,PL,REF,,36.57961,-121.98316,36.58186,-121.98593,36.58186,-121.98039,36.57736,-121.98593,36.57736,-121.98039,TRUE,TRUE,TRUE,TRUE,TRUE,TRUE,TRUE,TRUE,TRUE,TRUE,TRUE,TRUE,TRUE,TRUE,TRUE,TRUE,TRUE,FALSE,TRUE
PL03,PL,REF,,36.57417,-121.98155,36.57642,-121.98432,36.57642,-121.97878,36.57193,-121.98432,36.57193,-121.97878,TRUE,TRUE,TRUE,TRUE,TRUE,TRUE,TRUE,TRUE,TRUE,TRUE,TRUE,TRUE,TRUE,TRUE,TRUE,TRUE,TRUE,FALSE,TRUE
PL04,PL,REF,,36.56907,-121.97846,36.57131,-121.98122,36.57131,-121.97569,36.56682,-121.98122,36.56682,-121.97569,TRUE,TRUE,TRUE,TRUE,TRUE,TRUE,TRUE,TRUE,TRUE,FALSE,TRUE,TRUE,TRUE,TRUE,FALSE,TRUE,TRUE,TRUE,TRUE
PL05,PL,REF,,36.56759,-121.97241,36.56984,-121.97517,36.56984,-121.96964,36.56534,-121.97517,36.56534,-121.96964,TRUE,TRUE,TRUE,TRUE,TRUE,TRUE,TRUE,TRUE,TRUE,FALSE,TRUE,TRUE,TRUE,TRUE,TRUE,FALSE,TRUE,FALSE,TRUE
PL06,PL,MPA,OLD,36.52507,-121.94257,36.52732,-121.94534,36.52732,-121.93981,36.52282,-121.94534,36.52282,-121.93981,TRUE,TRUE,TRUE,TRUE,TRUE,TRUE,TRUE,TRUE,TRUE,TRUE,TRUE,TRUE,TRUE,TRUE,TRUE,TRUE,TRUE,TRUE,FALSE
PL07,PL,MPA,OLD,36.52599,-121.95215,36.52823,-121.95492,36.52823,-121.94939,36.52374,-121.95492,36.52374,-121.94939,TRUE,TRUE,TRUE,TRUE,TRUE,TRUE,TRUE,TRUE,TRUE,TRUE,FALSE,TRUE,TRUE,TRUE,TRUE,TRUE,TRUE,TRUE,TRUE
PL08,PL,MPA,OLD,36.52221,-121.95825,36.52445,-121.96102,36.52445,-121.95549,36.51995,-121.96102,36.51995,-121.95549,TRUE,TRUE,TRUE,TRUE,TRUE,TRUE,TRUE,TRUE,TRUE,TRUE,TRUE,TRUE,TRUE,TRUE,TRUE,TRUE,FALSE,TRUE,TRUE
PL09,PL,MPA,OLD,36.51381,-121.95457,36.51605,-121.95734,36.51605,-121.95180,36.51156,-121.95734,36.51156,-121.95180,TRUE,TRUE,TRUE,TRUE,TRUE,TRUE,TRUE,TRUE,TRUE,TRUE,TRUE,TRUE,TRUE,FALSE,TRUE,FALSE,TRUE,TRUE,TRUE
PL10,PL,MPA,OLD,36.50960,-121.94751,36.51185,-121.95027,36.51185,-121.94474,36.50735,-121.95027,36.50735,-121.94474,TRUE,TRUE,TRUE,TRUE,TRUE,TRUE,FALSE,TRUE,TRUE,TRUE,TRUE,TRUE,TRUE,TRUE,TRUE,TRUE,TRUE,TRUE,TRUE
PL11,PL,MPA,NEW,36.49072,-121.95023,36.49296,-121.95299,36.49296,-121.94746,36.48847,-121.95299,36.48847,-121.94746,TRUE,TRUE,TRUE,TRUE,TRUE,TRUE,TRUE,TRUE,TRUE,FALSE,TRUE,FALSE,TRUE,TRUE,TRUE,TRUE,TRUE,TRUE,TRUE
PL12,PL,MPA,NEW,36.48889,-121.95621,36.49113,-121.95898,36.49113,-121.95344,36.48664,-121.95898,36.48664,-121.95344,FALSE,TRUE,TRUE,FALSE,TRUE,TRUE,TRUE,TRUE,TRUE,FALSE,TRUE,TRUE,TRUE,TRUE,TRUE,TRUE,TRUE,TRUE,TRUE
PL13,PL,MPA,NEW,36.48586,-121.95042,36.48811,-121.95319,36.48811,-121.94766,36.48362,-121.95319,36.48362,-121.94766,TRUE,TRUE,TRUE,TRUE,TRUE,TRUE,TRUE,TRUE,TRUE,TRUE,TRUE,TRUE,TRUE,TRUE,TRUE,TRUE,TRUE,TRUE,TRUE
PL14,PL,REF,,36.47607,-121.94492,36.47831,-121.94769,36.47831,-121.94215,36.47382,-121.94769,36.47382,-121.94215,TRUE,TRUE,TRUE,TRUE,TRUE,TRUE,TRUE,TRUE,TRUE,FALSE,TRUE,TRUE,TRUE,TRUE,TRUE,TRUE,TRUE,TRUE,TRUE
PL15,PL,REF,,36.47147,-121.94177,36.47372,-121.94453,36.47372,-121.93900,36.46922,-121.94453,36.46922,-121.93900,TRUE,TRUE,TRUE,TRUE,TRUE,TRUE,TRUE,TRUE,TRUE,TRUE,TRUE,TRUE,TRUE,TRUE,TRUE,TRUE,TRUE,TRUE,TRUE
PL16,PL,REF,,36.46688,-121.93675,36.46913,-121.93951,36.46913,-121.93398,36.46464,-121.93951,36.46464,-121.93398,TRUE,TRUE,TRUE,FALSE,TRUE,TRUE,TRUE,TRUE,TRUE,TRUE,TRUE,FALSE,FALSE,TRUE,FALSE,TRUE,TRUE,TRUE,FALSE
PL17,PL,REF,,36.46197,-121.93440,36.46421,-121.93717,36.46421,-121.93163,36.45972,-121.93717,36.45972,-121.93163,TRUE,TRUE,TRUE,TRUE,TRUE,TRUE,FALSE,TRUE,TRUE,TRUE,TRUE,FALSE,TRUE,FALSE,TRUE,TRUE,TRUE,TRUE,TRUE
PLMM,PL,MPA,,,,,,,,,,,,FALSE,FALSE,TRUE,FALSE,FALSE,FALSE,FALSE,FALSE,FALSE,FALSE,FALSE,FALSE,FALSE,FALSE,TRUE,TRUE,FALSE,FALSE,FALSE
PLMN,PL,MPA,NEW,,,,,,,,,,,FALSE,TRUE,TRUE,TRUE,TRUE,TRUE,TRUE,TRUE,TRUE,TRUE,FALSE,FALSE,FALSE,FALSE,FALSE,FALSE,TRUE,FALSE,TRUE
PLMO,PL,MPA,OLD,,,,,,,,,,,FALSE,FALSE,TRUE,TRUE,TRUE,TRUE,TRUE,FALSE,TRUE,FALSE,TRUE,FALSE,FALSE,FALSE,FALSE,FALSE,TRUE,FALSE,FALSE
PLRR,PL,REF,,,,,,,,,,,,FALSE,TRUE,TRUE,TRUE,TRUE,TRUE,TRUE,TRUE,FALSE,FALSE,FALSE,FALSE,FALSE,TRUE,FALSE,TRUE,TRUE,FALSE,FALSE
RR01,RR,MPA,,41.33218,-124.17090,41.32991,-124.17389,41.33442,-124.17392,41.33445,-124.16795,41.32994,-124.16792,FALSE,FALSE,FALSE,FALSE,FALSE,FALSE,FALSE,FALSE,FALSE,FALSE,FALSE,FALSE,FALSE,FALSE,FALSE,FALSE,FALSE,FALSE,TRUE
RR02,RR,MPA,,41.32737,-124.17768,41.32510,-124.18067,41.32961,-124.18070,41.32964,-124.17473,41.32513,-124.17470,FALSE,FALSE,FALSE,FALSE,FALSE,FALSE,FALSE,FALSE,FALSE,FALSE,FALSE,FALSE,FALSE,FALSE,FALSE,FALSE,FALSE,FALSE,TRUE
RR03,RR,MPA,,41.33233,-124.17772,41.33007,-124.18070,41.33458,-124.18073,41.33460,-124.17477,41.33009,-124.17473,FALSE,FALSE,FALSE,FALSE,FALSE,FALSE,FALSE,FALSE,FALSE,FALSE,FALSE,FALSE,FALSE,FALSE,FALSE,FALSE,FALSE,FALSE,TRUE
RR04,RR,MPA,,41.32734,-124.18436,41.32508,-124.18734,41.32959,-124.18738,41.32961,-124.18141,41.32511,-124.18138,FALSE,FALSE,FALSE,FALSE,FALSE,FALSE,FALSE,FALSE,FALSE,FALSE,FALSE,FALSE,FALSE,FALSE,FALSE,FALSE,FALSE,FALSE,TRUE
RR05,RR,MPA,,41.33232,-124.18440,41.33006,-124.18738,41.33456,-124.18741,41.33459,-124.18145,41.33008,-124.18141,FALSE,FALSE,FALSE,FALSE,FALSE,FALSE,FALSE,FALSE,FALSE,FALSE,FALSE,FALSE,FALSE,FALSE,FALSE,FALSE,FALSE,FALSE,TRUE
RR06,RR,MPA,,41.33204,-124.09641,41.33429,-124.09941,41.33430,-124.09344,41.32980,-124.09342,41.32978,-124.09938,FALSE,FALSE,FALSE,FALSE,FALSE,FALSE,FALSE,FALSE,FALSE,FALSE,FALSE,FALSE,FALSE,FALSE,FALSE,FALSE,FALSE,FALSE,TRUE
RR07,RR,MPA,,41.32622,-124.09836,41.32846,-124.10135,41.32848,-124.09539,41.32397,-124.09536,41.32396,-124.10133,FALSE,FALSE,FALSE,FALSE,FALSE,FALSE,FALSE,FALSE,FALSE,FALSE,FALSE,FALSE,FALSE,FALSE,FALSE,FALSE,FALSE,FALSE,TRUE
RR08,RR,MPA,,41.32110,-124.09866,41.32334,-124.10166,41.32336,-124.09569,41.31886,-124.09566,41.31883,-124.10163,FALSE,FALSE,FALSE,FALSE,FALSE,FALSE,FALSE,FALSE,FALSE,FALSE,FALSE,FALSE,FALSE,FALSE,FALSE,FALSE,FALSE,FALSE,TRUE
RR10,RR,REF,,41.34507,-124.17914,41.34732,-124.18214,41.34734,-124.17618,41.34283,-124.17614,41.34281,-124.18211,FALSE,FALSE,FALSE,FALSE,FALSE,FALSE,FALSE,FALSE,FALSE,FALSE,FALSE,FALSE,FALSE,FALSE,FALSE,FALSE,FALSE,FALSE,FALSE
RR11,RR,REF,,41.33823,-124.18641,41.33597,-124.18939,41.34047,-124.18942,41.34050,-124.18346,41.33599,-124.18342,FALSE,FALSE,FALSE,FALSE,FALSE,FALSE,FALSE,FALSE,FALSE,FALSE,FALSE,FALSE,FALSE,FALSE,FALSE,FALSE,FALSE,FALSE,TRUE
RR12,RR,REF,,41.34322,-124.18648,41.34096,-124.18946,41.34547,-124.18950,41.34549,-124.18353,41.34098,-124.18350,FALSE,FALSE,FALSE,FALSE,FALSE,FALSE,FALSE,FALSE,FALSE,FALSE,FALSE,FALSE,FALSE,FALSE,FALSE,FALSE,FALSE,FALSE,FALSE
RR13,RR,REF,,41.34822,-124.18655,41.34596,-124.18954,41.35047,-124.18957,41.35049,-124.18360,41.34599,-124.18357,FALSE,FALSE,FALSE,FALSE,FALSE,FALSE,FALSE,FALSE,FALSE,FALSE,FALSE,FALSE,FALSE,FALSE,FALSE,FALSE,FALSE,FALSE,FALSE
RR14,RR,REF,,41.35398,-124.19000,41.35172,-124.19298,41.35623,-124.19301,41.35625,-124.18704,41.35175,-124.18701,FALSE,FALSE,FALSE,FALSE,FALSE,FALSE,FALSE,FALSE,FALSE,FALSE,FALSE,FALSE,FALSE,FALSE,FALSE,FALSE,FALSE,FALSE,TRUE
RR15,RR,REF,,41.33823,-124.19306,41.33597,-124.19604,41.34048,-124.19607,41.34050,-124.19010,41.33599,-124.19007,FALSE,FALSE,FALSE,FALSE,FALSE,FALSE,FALSE,FALSE,FALSE,FALSE,FALSE,FALSE,FALSE,FALSE,FALSE,FALSE,FALSE,FALSE,FALSE
RR16,RR,REF,,41.34317,-124.19310,41.34091,-124.19608,41.34541,-124.19612,41.34544,-124.19015,41.34093,-124.19012,FALSE,FALSE,FALSE,FALSE,FALSE,FALSE,FALSE,FALSE,FALSE,FALSE,FALSE,FALSE,FALSE,FALSE,FALSE,FALSE,FALSE,FALSE,TRUE
RR17,RR,REF,,41.34814,-124.19324,41.34589,-124.19622,41.35039,-124.19625,41.35041,-124.19028,41.34591,-124.19025,FALSE,FALSE,FALSE,FALSE,FALSE,FALSE,FALSE,FALSE,FALSE,FALSE,FALSE,FALSE,FALSE,FALSE,FALSE,FALSE,FALSE,FALSE,TRUE
RR21,RR,REF,,41.33842,-124.17181,41.34066,-124.17481,41.34069,-124.16884,41.33618,-124.16881,41.33616,-124.17478,FALSE,FALSE,FALSE,FALSE,FALSE,FALSE,FALSE,FALSE,FALSE,FALSE,FALSE,FALSE,FALSE,FALSE,FALSE,FALSE,FALSE,FALSE,FALSE
RR22,RR,REF,,41.33788,-124.17875,41.33562,-124.18173,41.34013,-124.18177,41.34015,-124.17580,41.33564,-124.17577,FALSE,FALSE,FALSE,FALSE,FALSE,FALSE,FALSE,FALSE,FALSE,FALSE,FALSE,FALSE,FALSE,FALSE,FALSE,FALSE,FALSE,FALSE,FALSE
RR23,RR,REF,,41.34340,-124.17226,41.34564,-124.17526,41.34566,-124.16930,41.34116,-124.16926,41.34113,-124.17523,FALSE,FALSE,FALSE,FALSE,FALSE,FALSE,FALSE,FALSE,FALSE,FALSE,FALSE,FALSE,FALSE,FALSE,FALSE,FALSE,FALSE,FALSE,TRUE
RR24,RR,REF,,41.34287,-124.09473,41.34511,-124.09773,41.34513,-124.09176,41.34063,-124.09173,41.34061,-124.09770,FALSE,FALSE,FALSE,FALSE,FALSE,FALSE,FALSE,FALSE,FALSE,FALSE,FALSE,FALSE,FALSE,FALSE,FALSE,FALSE,FALSE,FALSE,TRUE
RR25,RR,REF,,41.33773,-124.09543,41.33998,-124.09843,41.34000,-124.09246,41.33549,-124.09244,41.33547,-124.09840,FALSE,FALSE,FALSE,FALSE,FALSE,FALSE,FALSE,FALSE,FALSE,FALSE,FALSE,FALSE,FALSE,FALSE,FALSE,FALSE,FALSE,FALSE,TRUE
RRMM,RR,MPA,,,,,,,,,,,,FALSE,FALSE,FALSE,FALSE,FALSE,FALSE,FALSE,FALSE,FALSE,FALSE,FALSE,FALSE,FALSE,FALSE,FALSE,FALSE,FALSE,FALSE,FALSE
RRRR,RR,REF,,,,,,,,,,,,FALSE,FALSE,FALSE,FALSE,FALSE,FALSE,FALSE,FALSE,FALSE,FALSE,FALSE,FALSE,FALSE,FALSE,FALSE,FALSE,FALSE,FALSE,FALSE
SP01,SP,MPA,,38.65179,-123.41293,38.65274,-123.41681,38.65483,-123.41172,38.65084,-123.40905,38.64875,-123.41414,TRUE,FALSE,FALSE,FALSE,FALSE,FALSE,FALSE,FALSE,FALSE,FALSE,FALSE,FALSE,TRUE,TRUE,TRUE,TRUE,TRUE,TRUE,TRUE
SP02,SP,MPA,,38.64430,-123.40809,38.64530,-123.41195,38.64733,-123.40682,38.64331,-123.40423,38.64128,-123.40936,TRUE,FALSE,FALSE,FALSE,FALSE,FALSE,FALSE,FALSE,FALSE,FALSE,FALSE,TRUE,FALSE,TRUE,TRUE,TRUE,TRUE,TRUE,FALSE
SP03,SP,MPA,,38.63943,-123.40492,38.64246,-123.40364,38.63844,-123.40106,38.63641,-123.40619,38.64044,-123.40877,TRUE,FALSE,FALSE,FALSE,FALSE,FALSE,FALSE,FALSE,FALSE,FALSE,FALSE,TRUE,TRUE,TRUE,TRUE,TRUE,FALSE,TRUE,TRUE
SP04,SP,MPA,,38.63466,-123.40155,38.63771,-123.40038,38.63374,-123.39766,38.63161,-123.40272,38.63558,-123.40544,TRUE,FALSE,FALSE,FALSE,FALSE,FALSE,FALSE,FALSE,FALSE,FALSE,FALSE,TRUE,TRUE,FALSE,TRUE,TRUE,TRUE,TRUE,TRUE
SP05,SP,MPA,,38.62244,-123.38658,38.62350,-123.39041,38.62545,-123.38523,38.62139,-123.38275,38.61944,-123.38793,TRUE,FALSE,FALSE,FALSE,FALSE,FALSE,FALSE,FALSE,FALSE,FALSE,FALSE,TRUE,TRUE,TRUE,TRUE,TRUE,TRUE,TRUE,TRUE
SP06,SP,MPA,,38.61775,-123.38252,38.61874,-123.38638,38.62078,-123.38126,38.61676,-123.37866,38.61472,-123.38378,FALSE,FALSE,FALSE,FALSE,FALSE,FALSE,FALSE,FALSE,FALSE,FALSE,FALSE,TRUE,TRUE,FALSE,FALSE,FALSE,TRUE,FALSE,TRUE
SP07,SP,MPA,,38.61339,-123.37855,38.61436,-123.38242,38.61642,-123.37731,38.61242,-123.37468,38.61036,-123.37979,TRUE,FALSE,FALSE,FALSE,FALSE,FALSE,FALSE,FALSE,FALSE,FALSE,FALSE,TRUE,TRUE,TRUE,TRUE,TRUE,TRUE,TRUE,TRUE
SP08,SP,MPA,,38.60049,-123.37023,38.60056,-123.37429,38.60368,-123.37014,38.60042,-123.36617,38.59731,-123.37032,FALSE,FALSE,FALSE,FALSE,FALSE,FALSE,FALSE,FALSE,FALSE,FALSE,FALSE,TRUE,TRUE,TRUE,TRUE,FALSE,TRUE,TRUE,FALSE
SP09,SP,MPA,,38.59720,-123.36521,38.59725,-123.36927,38.60038,-123.36514,38.59715,-123.36115,38.59401,-123.36527,TRUE,FALSE,FALSE,FALSE,FALSE,FALSE,FALSE,FALSE,FALSE,FALSE,FALSE,TRUE,TRUE,FALSE,TRUE,FALSE,FALSE,TRUE,TRUE
SP10,SP,REF,,38.55418,-123.31549,38.55641,-123.31839,38.55645,-123.31265,38.55195,-123.31260,38.55191,-123.31833,TRUE,FALSE,FALSE,FALSE,FALSE,FALSE,FALSE,FALSE,FALSE,FALSE,FALSE,TRUE,FALSE,FALSE,TRUE,TRUE,TRUE,FALSE,TRUE
SP11,SP,REF,,38.54564,-123.30887,38.54573,-123.31293,38.54882,-123.30876,38.54554,-123.30482,38.54245,-123.30899,TRUE,FALSE,FALSE,FALSE,FALSE,FALSE,FALSE,FALSE,FALSE,FALSE,FALSE,TRUE,FALSE,FALSE,FALSE,TRUE,TRUE,TRUE,TRUE
SP12,SP,REF,,38.54246,-123.30324,38.54253,-123.30730,38.54565,-123.30315,38.54239,-123.29919,38.53928,-123.30334,FALSE,FALSE,FALSE,FALSE,FALSE,FALSE,FALSE,FALSE,FALSE,FALSE,FALSE,TRUE,TRUE,TRUE,TRUE,FALSE,FALSE,TRUE,FALSE
SP13,SP,REF,,38.53875,-123.29900,38.53885,-123.30305,38.54193,-123.29892,38.53865,-123.29495,38.53557,-123.29908,TRUE,FALSE,FALSE,FALSE,FALSE,FALSE,FALSE,FALSE,FALSE,FALSE,FALSE,TRUE,TRUE,TRUE,TRUE,TRUE,TRUE,TRUE,TRUE
SP14,SP,REF,,38.53581,-123.29319,38.53584,-123.29724,38.53899,-123.29321,38.53578,-123.28914,38.53263,-123.29317,TRUE,FALSE,FALSE,FALSE,FALSE,FALSE,FALSE,FALSE,FALSE,FALSE,FALSE,TRUE,TRUE,FALSE,TRUE,FALSE,TRUE,TRUE,TRUE
SP15,SP,REF,,38.53007,-123.28391,38.52963,-123.28793,38.53322,-123.28447,38.53050,-123.27989,38.52691,-123.28335,TRUE,FALSE,FALSE,FALSE,FALSE,FALSE,FALSE,FALSE,FALSE,FALSE,FALSE,TRUE,TRUE,FALSE,FALSE,TRUE,FALSE,TRUE,TRUE
SP16,SP,REF,,38.52304,-123.27425,38.52345,-123.27827,38.52620,-123.27373,38.52263,-123.27023,38.51988,-123.27477,TRUE,FALSE,FALSE,FALSE,FALSE,FALSE,FALSE,FALSE,FALSE,FALSE,FALSE,TRUE,FALSE,TRUE,TRUE,FALSE,TRUE,TRUE,TRUE
SP17,SP,REF,,38.51752,-123.26788,38.51808,-123.27187,38.52065,-123.26716,38.51695,-123.26389,38.51438,-123.26860,TRUE,FALSE,FALSE,FALSE,FALSE,FALSE,FALSE,FALSE,FALSE,FALSE,FALSE,TRUE,TRUE,FALSE,TRUE,FALSE,TRUE,FALSE,FALSE
SP18,SP,REF,,38.50798,-123.25669,38.50817,-123.26074,38.51116,-123.25645,38.50779,-123.25264,38.50480,-123.25694,TRUE,FALSE,FALSE,FALSE,FALSE,FALSE,FALSE,FALSE,FALSE,FALSE,FALSE,TRUE,TRUE,TRUE,TRUE,TRUE,FALSE,TRUE,TRUE
SP19,SP,REF,,38.49584,-123.22953,38.49604,-123.23358,38.49902,-123.22929,38.49565,-123.22549,38.49266,-123.22978,FALSE,FALSE,FALSE,FALSE,FALSE,FALSE,FALSE,FALSE,FALSE,FALSE,FALSE,TRUE,TRUE,FALSE,TRUE,TRUE,FALSE,FALSE,TRUE
SP20,SP,REF,,38.48375,-123.21696,38.48159,-123.21993,38.48606,-123.21974,38.48591,-123.21398,38.48144,-123.21417,FALSE,FALSE,FALSE,FALSE,FALSE,FALSE,FALSE,FALSE,FALSE,FALSE,FALSE,TRUE,TRUE,TRUE,TRUE,FALSE,TRUE,TRUE,TRUE
SPMM,SP,MPA,,,,,,,,,,,,TRUE,FALSE,FALSE,FALSE,FALSE,FALSE,FALSE,FALSE,FALSE,FALSE,FALSE,FALSE,FALSE,FALSE,TRUE,TRUE,TRUE,FALSE,FALSE
SPRR,SP,REF,,,,,,,,,,,,FALSE,FALSE,FALSE,FALSE,FALSE,FALSE,FALSE,FALSE,FALSE,FALSE,FALSE,TRUE,FALSE,FALSE,TRUE,TRUE,TRUE,FALSE,FALSE
SW01,SW,REF,,33.11253,-117.33726,33.11034,-117.34001,33.11485,-117.33986,33.11472,-117.33451,33.11021,-117.33466,FALSE,FALSE,FALSE,FALSE,FALSE,FALSE,FALSE,FALSE,FALSE,FALSE,FALSE,FALSE,TRUE,TRUE,TRUE,TRUE,TRUE,TRUE,TRUE
SW02,SW,REF,,33.11333,-117.33128,33.11114,-117.33403,33.11565,-117.33388,33.11552,-117.32853,33.11101,-117.32869,TRUE,FALSE,FALSE,FALSE,FALSE,FALSE,FALSE,FALSE,FALSE,FALSE,FALSE,TRUE,TRUE,TRUE,TRUE,FALSE,TRUE,FALSE,TRUE
SW03,SW,REF,,33.09977,-117.32477,33.09758,-117.32752,33.10209,-117.32737,33.10196,-117.32202,33.09745,-117.32218,TRUE,FALSE,FALSE,FALSE,FALSE,FALSE,FALSE,FALSE,FALSE,FALSE,FALSE,TRUE,TRUE,FALSE,TRUE,FALSE,TRUE,TRUE,TRUE
SW04,SW,REF,,33.07906,-117.32079,33.07686,-117.32354,33.08138,-117.32339,33.08125,-117.31804,33.07674,-117.31820,FALSE,FALSE,FALSE,FALSE,FALSE,FALSE,FALSE,FALSE,FALSE,FALSE,FALSE,FALSE,TRUE,TRUE,TRUE,TRUE,TRUE,TRUE,TRUE
SW05,SW,REF,,33.07429,-117.31869,33.07209,-117.32144,33.07661,-117.32129,33.07648,-117.31594,33.07197,-117.31609,TRUE,FALSE,FALSE,FALSE,FALSE,FALSE,FALSE,FALSE,FALSE,FALSE,FALSE,TRUE,TRUE,TRUE,TRUE,TRUE,FALSE,TRUE,TRUE
SW06,SW,REF,,33.06065,-117.31308,33.05845,-117.31583,33.06297,-117.31568,33.06284,-117.31033,33.05833,-117.31048,FALSE,FALSE,FALSE,FALSE,FALSE,FALSE,FALSE,FALSE,FALSE,FALSE,FALSE,TRUE,TRUE,TRUE,FALSE,TRUE,TRUE,TRUE,TRUE
SW07,SW,MPA,,33.03531,-117.30271,33.03312,-117.30545,33.03762,-117.30530,33.03750,-117.29996,33.03299,-117.30011,TRUE,FALSE,FALSE,FALSE,FALSE,FALSE,FALSE,FALSE,FALSE,FALSE,FALSE,FALSE,TRUE,TRUE,TRUE,TRUE,TRUE,TRUE,TRUE
SW08,SW,MPA,,33.02668,-117.29404,33.02449,-117.29679,33.02900,-117.29664,33.02887,-117.29129,33.02436,-117.29145,TRUE,FALSE,FALSE,FALSE,FALSE,FALSE,FALSE,FALSE,FALSE,FALSE,FALSE,TRUE,TRUE,TRUE,TRUE,FALSE,TRUE,FALSE,TRUE
SW09,SW,MPA,,33.01884,-117.29535,33.01665,-117.29810,33.02116,-117.29795,33.02103,-117.29260,33.01652,-117.29276,TRUE,FALSE,FALSE,FALSE,FALSE,FALSE,FALSE,FALSE,FALSE,FALSE,FALSE,TRUE,TRUE,TRUE,TRUE,TRUE,TRUE,TRUE,TRUE
SW10,SW,MPA,,33.01720,-117.28947,33.01500,-117.29222,33.01952,-117.29206,33.01939,-117.28672,33.01487,-117.28687,TRUE,FALSE,FALSE,FALSE,FALSE,FALSE,FALSE,FALSE,FALSE,FALSE,FALSE,TRUE,FALSE,TRUE,TRUE,FALSE,TRUE,TRUE,TRUE
SW11,SW,MPA,,33.01255,-117.28840,33.01036,-117.29115,33.01487,-117.29100,33.01474,-117.28565,33.01023,-117.28581,TRUE,FALSE,FALSE,FALSE,FALSE,FALSE,FALSE,FALSE,FALSE,FALSE,FALSE,TRUE,TRUE,FALSE,TRUE,TRUE,TRUE,TRUE,TRUE
SW12,SW,MPA,,33.00769,-117.29556,33.00550,-117.29831,33.01001,-117.29815,33.00988,-117.29281,33.00537,-117.29296,FALSE,FALSE,FALSE,FALSE,FALSE,FALSE,FALSE,FALSE,FALSE,FALSE,FALSE,FALSE,TRUE,TRUE,TRUE,TRUE,TRUE,TRUE,TRUE
SW13,SW,MPA,,33.00756,-117.29003,33.00536,-117.29278,33.00988,-117.29263,33.00975,-117.28729,33.00524,-117.28744,TRUE,FALSE,FALSE,FALSE,FALSE,FALSE,FALSE,FALSE,FALSE,FALSE,FALSE,TRUE,TRUE,TRUE,TRUE,TRUE,TRUE,TRUE,TRUE
SW14,SW,MPA,,33.00232,-117.28341,33.00012,-117.28616,33.00463,-117.28601,33.00451,-117.28066,32.99999,-117.28082,TRUE,FALSE,FALSE,FALSE,FALSE,FALSE,FALSE,FALSE,FALSE,FALSE,FALSE,TRUE,TRUE,TRUE,TRUE,TRUE,FALSE,TRUE,TRUE
SW15,SW,REF,,32.99765,-117.28893,32.99546,-117.29168,32.99997,-117.29153,32.99985,-117.28619,32.99533,-117.28634,TRUE,FALSE,FALSE,FALSE,FALSE,FALSE,FALSE,FALSE,FALSE,FALSE,FALSE,TRUE,TRUE,TRUE,TRUE,TRUE,FALSE,TRUE,FALSE
SW16,SW,REF,,32.99466,-117.28350,32.99247,-117.28625,32.99697,-117.28610,32.99685,-117.28076,32.99234,-117.28091,TRUE,FALSE,FALSE,FALSE,FALSE,FALSE,FALSE,FALSE,FALSE,FALSE,FALSE,FALSE,TRUE,TRUE,TRUE,TRUE,FALSE,TRUE,TRUE
SW17,SW,REF,,32.99007,-117.28669,32.98788,-117.28944,32.99239,-117.28928,32.99226,-117.28394,32.98775,-117.28410,TRUE,FALSE,FALSE,FALSE,FALSE,FALSE,FALSE,FALSE,FALSE,FALSE,FALSE,TRUE,TRUE,TRUE,TRUE,TRUE,TRUE,FALSE,TRUE
SW18,SW,REF,,32.98531,-117.28515,32.98312,-117.28790,32.98763,-117.28775,32.98750,-117.28240,32.98299,-117.28256,TRUE,FALSE,FALSE,FALSE,FALSE,FALSE,FALSE,FALSE,FALSE,FALSE,FALSE,FALSE,TRUE,TRUE,TRUE,TRUE,TRUE,TRUE,TRUE
SW19,SW,REF,,32.95901,-117.27527,32.95682,-117.27801,32.96133,-117.27786,32.96120,-117.27252,32.95669,-117.27267,TRUE,FALSE,FALSE,FALSE,FALSE,FALSE,FALSE,FALSE,FALSE,FALSE,FALSE,TRUE,FALSE,TRUE,TRUE,TRUE,FALSE,FALSE,TRUE
SWMM,SW,MPA,,,,,,,,,,,,TRUE,FALSE,FALSE,FALSE,FALSE,FALSE,FALSE,FALSE,FALSE,FALSE,FALSE,TRUE,TRUE,TRUE,FALSE,TRUE,TRUE,FALSE,TRUE
SWRR,SW,REF,,,,,,,,,,,,TRUE,FALSE,FALSE,FALSE,FALSE,FALSE,FALSE,FALSE,FALSE,FALSE,FALSE,TRUE,TRUE,TRUE,TRUE,TRUE,FALSE,TRUE,FALSE
TD01,TD,REF,,41.05217,-124.16789,41.05445,-124.16496,41.04995,-124.16488,41.04988,-124.17083,41.05439,-124.17091,FALSE,FALSE,FALSE,FALSE,FALSE,FALSE,FALSE,FALSE,FALSE,FALSE,FALSE,TRUE,TRUE,FALSE,FALSE,FALSE,FALSE,FALSE,FALSE
TD02,TD,REF,,41.05917,-124.16964,41.05689,-124.17257,41.06139,-124.17265,41.06145,-124.16670,41.05695,-124.16662,FALSE,FALSE,FALSE,FALSE,FALSE,FALSE,FALSE,FALSE,FALSE,FALSE,FALSE,TRUE,TRUE,FALSE,FALSE,FALSE,FALSE,FALSE,FALSE
TD03,TD,REF,,41.06894,-124.17466,41.06665,-124.17760,41.07116,-124.17768,41.07122,-124.17173,41.06672,-124.17165,FALSE,FALSE,FALSE,FALSE,FALSE,FALSE,FALSE,FALSE,FALSE,FALSE,FALSE,TRUE,TRUE,FALSE,FALSE,FALSE,FALSE,FALSE,FALSE
TD04,TD,REF,,41.07477,-124.17765,41.07252,-124.18063,41.07702,-124.18062,41.07701,-124.17467,41.07251,-124.17468,FALSE,FALSE,FALSE,FALSE,FALSE,FALSE,FALSE,FALSE,FALSE,FALSE,FALSE,TRUE,TRUE,FALSE,FALSE,FALSE,FALSE,FALSE,FALSE
TD05,TD,REF,,41.08603,-124.17122,41.08831,-124.16829,41.08381,-124.16821,41.08374,-124.17416,41.08825,-124.17424,FALSE,FALSE,FALSE,FALSE,FALSE,FALSE,FALSE,FALSE,FALSE,FALSE,FALSE,TRUE,TRUE,FALSE,FALSE,FALSE,FALSE,FALSE,FALSE
TD06,TD,REF,,41.10682,-124.17306,41.10910,-124.17012,41.10460,-124.17004,41.10453,-124.17599,41.10904,-124.17607,FALSE,FALSE,FALSE,FALSE,FALSE,FALSE,FALSE,FALSE,FALSE,FALSE,FALSE,TRUE,TRUE,FALSE,FALSE,FALSE,FALSE,FALSE,FALSE
TD07,TD,REF,,41.11464,-124.17305,41.11692,-124.17012,41.11242,-124.17004,41.11236,-124.17599,41.11686,-124.17607,FALSE,FALSE,FALSE,FALSE,FALSE,FALSE,FALSE,FALSE,FALSE,FALSE,FALSE,TRUE,TRUE,FALSE,FALSE,FALSE,FALSE,FALSE,FALSE
TD08,TD,REF,,41.12118,-124.17199,41.11896,-124.16898,41.11890,-124.17493,41.12340,-124.17501,41.12346,-124.16906,FALSE,FALSE,FALSE,FALSE,FALSE,FALSE,FALSE,FALSE,FALSE,FALSE,FALSE,TRUE,TRUE,FALSE,FALSE,FALSE,FALSE,FALSE,FALSE
TD09,TD,REF,,41.12119,-124.17987,41.12347,-124.17694,41.11897,-124.17686,41.11891,-124.18281,41.12341,-124.18289,FALSE,FALSE,FALSE,FALSE,FALSE,FALSE,FALSE,FALSE,FALSE,FALSE,FALSE,TRUE,TRUE,FALSE,FALSE,FALSE,FALSE,FALSE,FALSE
TD10,TD,REF,,41.13090,-124.17696,41.13318,-124.17402,41.12868,-124.17394,41.12862,-124.17990,41.13312,-124.17998,FALSE,FALSE,FALSE,FALSE,FALSE,FALSE,FALSE,FALSE,FALSE,FALSE,FALSE,TRUE,TRUE,FALSE,FALSE,FALSE,FALSE,FALSE,FALSE
TD11,TD,REF,,41.13855,-124.17016,41.13633,-124.16714,41.13626,-124.17310,41.14077,-124.17318,41.14083,-124.16722,FALSE,FALSE,FALSE,FALSE,FALSE,FALSE,FALSE,FALSE,FALSE,FALSE,FALSE,TRUE,TRUE,FALSE,FALSE,FALSE,FALSE,FALSE,FALSE
TM01,TM,REF,,39.64508,-123.79837,39.64732,-123.80130,39.64735,-123.79547,39.64285,-123.79547,39.64280,-123.80125,FALSE,FALSE,FALSE,FALSE,FALSE,FALSE,FALSE,FALSE,FALSE,FALSE,FALSE,FALSE,FALSE,FALSE,FALSE,FALSE,FALSE,FALSE,FALSE
TM02,TM,REF,,39.65231,-123.79624,39.65454,-123.79917,39.65457,-123.79334,39.65007,-123.79334,39.65002,-123.79911,TRUE,FALSE,FALSE,FALSE,FALSE,FALSE,FALSE,FALSE,FALSE,FALSE,FALSE,TRUE,TRUE,TRUE,TRUE,TRUE,TRUE,TRUE,FALSE
TM03,TM,REF,,39.65298,-123.80254,39.65522,-123.80547,39.65525,-123.79964,39.65075,-123.79964,39.65070,-123.80542,TRUE,FALSE,FALSE,FALSE,FALSE,FALSE,FALSE,FALSE,FALSE,FALSE,FALSE,FALSE,FALSE,FALSE,FALSE,FALSE,FALSE,FALSE,FALSE
TM04,TM,REF,,39.65820,-123.79794,39.66043,-123.80087,39.66046,-123.79504,39.65596,-123.79504,39.65591,-123.80081,FALSE,FALSE,FALSE,FALSE,FALSE,FALSE,FALSE,FALSE,FALSE,FALSE,FALSE,FALSE,FALSE,FALSE,FALSE,FALSE,FALSE,FALSE,FALSE
TM05,TM,REF,,39.66335,-123.80220,39.66558,-123.80513,39.66562,-123.79929,39.66111,-123.79929,39.66106,-123.80507,FALSE,FALSE,FALSE,FALSE,FALSE,FALSE,FALSE,FALSE,FALSE,FALSE,FALSE,TRUE,TRUE,TRUE,TRUE,TRUE,TRUE,TRUE,TRUE
TM06,TM,REF,,39.66821,-123.80313,39.67044,-123.80606,39.67048,-123.80022,39.66597,-123.80022,39.66592,-123.80600,TRUE,FALSE,FALSE,FALSE,FALSE,FALSE,FALSE,FALSE,FALSE,FALSE,FALSE,FALSE,FALSE,FALSE,FALSE,FALSE,FALSE,FALSE,FALSE
TM07,TM,REF,,39.67632,-123.80206,39.67856,-123.80499,39.67859,-123.79915,39.67409,-123.79915,39.67403,-123.80493,FALSE,FALSE,FALSE,FALSE,FALSE,FALSE,FALSE,FALSE,FALSE,FALSE,FALSE,FALSE,TRUE,FALSE,TRUE,FALSE,TRUE,TRUE,TRUE
TM08,TM,REF,,39.67221,-123.80988,39.67445,-123.81281,39.67448,-123.80697,39.66998,-123.80697,39.66993,-123.81275,FALSE,FALSE,FALSE,FALSE,FALSE,FALSE,FALSE,FALSE,FALSE,FALSE,FALSE,TRUE,TRUE,TRUE,TRUE,FALSE,TRUE,TRUE,TRUE
TM09,TM,REF,,39.67998,-123.80864,39.68219,-123.81164,39.68225,-123.80558,39.67772,-123.80578,39.67770,-123.81156,TRUE,FALSE,FALSE,FALSE,FALSE,FALSE,FALSE,FALSE,FALSE,FALSE,FALSE,FALSE,FALSE,FALSE,FALSE,FALSE,FALSE,FALSE,FALSE
TM10,TM,REF,,39.68894,-123.81461,39.69117,-123.81756,39.69122,-123.81172,39.68670,-123.81167,39.68667,-123.81750,TRUE,FALSE,FALSE,FALSE,FALSE,FALSE,FALSE,FALSE,FALSE,FALSE,FALSE,TRUE,FALSE,FALSE,FALSE,TRUE,FALSE,FALSE,TRUE
TM11,TM,REF,,39.68476,-123.80834,39.68697,-123.81134,39.68703,-123.80529,39.68250,-123.80548,39.68247,-123.81126,FALSE,FALSE,FALSE,FALSE,FALSE,FALSE,FALSE,FALSE,FALSE,FALSE,FALSE,FALSE,FALSE,FALSE,FALSE,FALSE,FALSE,FALSE,FALSE
TM12,TM,REF,,39.69412,-123.81414,39.69635,-123.81709,39.69641,-123.81126,39.69188,-123.81120,39.69185,-123.81704,FALSE,FALSE,FALSE,FALSE,FALSE,FALSE,FALSE,FALSE,FALSE,FALSE,FALSE,FALSE,FALSE,FALSE,FALSE,TRUE,TRUE,FALSE,TRUE
TM13,TM,REF,,39.69907,-123.81595,39.70129,-123.81890,39.70135,-123.81307,39.69682,-123.81301,39.69679,-123.81884,TRUE,FALSE,FALSE,FALSE,FALSE,FALSE,FALSE,FALSE,FALSE,FALSE,FALSE,TRUE,TRUE,FALSE,FALSE,TRUE,TRUE,FALSE,TRUE
TM14,TM,REF,,39.62978,-123.79587,39.63202,-123.79879,39.63205,-123.79296,39.62755,-123.79296,39.62749,-123.79874,FALSE,FALSE,FALSE,FALSE,FALSE,FALSE,FALSE,FALSE,FALSE,FALSE,FALSE,FALSE,FALSE,FALSE,FALSE,FALSE,FALSE,FALSE,FALSE
TM15,TM,REF,,39.65907,-123.80850,39.66131,-123.81143,39.66133,-123.80560,39.65684,-123.80560,39.65678,-123.81137,TRUE,FALSE,FALSE,FALSE,FALSE,FALSE,FALSE,FALSE,FALSE,FALSE,FALSE,TRUE,FALSE,TRUE,TRUE,TRUE,TRUE,TRUE,TRUE
TM16,TM,REF,,39.65902,-123.81538,39.66126,-123.81831,39.66129,-123.81247,39.65679,-123.81247,39.65673,-123.81825,FALSE,FALSE,FALSE,FALSE,FALSE,FALSE,FALSE,FALSE,FALSE,FALSE,FALSE,FALSE,FALSE,FALSE,FALSE,FALSE,FALSE,FALSE,FALSE
TM17,TM,REF,,39.66303,-123.82213,39.66527,-123.82506,39.66529,-123.81922,39.66079,-123.81922,39.66074,-123.82500,FALSE,FALSE,FALSE,FALSE,FALSE,FALSE,FALSE,FALSE,FALSE,FALSE,FALSE,FALSE,FALSE,FALSE,FALSE,FALSE,FALSE,FALSE,FALSE
TM18,TM,REF,,39.66819,-123.82452,39.67043,-123.82745,39.67046,-123.82162,39.66596,-123.82162,39.66590,-123.82739,FALSE,FALSE,FALSE,FALSE,FALSE,FALSE,FALSE,FALSE,FALSE,FALSE,FALSE,FALSE,FALSE,FALSE,FALSE,FALSE,FALSE,FALSE,FALSE
TM19,TM,REF,,39.67340,-123.82109,39.67564,-123.82402,39.67566,-123.81818,39.67117,-123.81818,39.67111,-123.82396,TRUE,FALSE,FALSE,FALSE,FALSE,FALSE,FALSE,FALSE,FALSE,FALSE,FALSE,TRUE,TRUE,TRUE,TRUE,TRUE,TRUE,TRUE,TRUE
TM20,TM,REF,,39.66802,-123.81694,39.67026,-123.81987,39.67029,-123.81404,39.66579,-123.81404,39.66573,-123.81981,FALSE,FALSE,FALSE,FALSE,FALSE,FALSE,FALSE,FALSE,FALSE,FALSE,FALSE,TRUE,TRUE,TRUE,TRUE,TRUE,FALSE,TRUE,FALSE
TM21,TM,REF,,39.66447,-123.80961,39.66671,-123.81254,39.66673,-123.80671,39.66224,-123.80671,39.66218,-123.81249,TRUE,FALSE,FALSE,FALSE,FALSE,FALSE,FALSE,FALSE,FALSE,FALSE,FALSE,FALSE,FALSE,FALSE,FALSE,FALSE,FALSE,FALSE,FALSE
TM22,TM,REF,,39.68709,-123.82100,39.68932,-123.82395,39.68938,-123.81811,39.68485,-123.81806,39.68482,-123.82389,TRUE,FALSE,FALSE,FALSE,FALSE,FALSE,FALSE,FALSE,FALSE,FALSE,FALSE,TRUE,FALSE,FALSE,FALSE,FALSE,TRUE,FALSE,TRUE
TM23,TM,REF,,39.65303,-123.80925,39.65527,-123.81218,39.65529,-123.80634,39.65079,-123.80634,39.65074,-123.81212,TRUE,FALSE,FALSE,FALSE,FALSE,FALSE,FALSE,FALSE,FALSE,FALSE,FALSE,TRUE,TRUE,TRUE,TRUE,TRUE,FALSE,TRUE,FALSE
TM24,TM,REF,,39.63947,-123.80238,39.64169,-123.80531,39.64175,-123.79950,39.63722,-123.79944,39.63720,-123.80528,TRUE,FALSE,FALSE,FALSE,FALSE,FALSE,FALSE,FALSE,FALSE,FALSE,FALSE,FALSE,FALSE,FALSE,FALSE,FALSE,FALSE,FALSE,FALSE
TM25,TM,MPA,,39.59564,-123.82068,39.59786,-123.82363,39.59792,-123.81780,39.59341,-123.81774,39.59336,-123.82357,FALSE,FALSE,FALSE,FALSE,FALSE,FALSE,FALSE,FALSE,FALSE,FALSE,FALSE,FALSE,FALSE,FALSE,FALSE,FALSE,FALSE,FALSE,FALSE
TM26,TM,MPA,,39.59523,-123.81422,39.59745,-123.81716,39.59751,-123.81133,39.59301,-123.81127,39.59295,-123.81710,FALSE,FALSE,FALSE,FALSE,FALSE,FALSE,FALSE,FALSE,FALSE,FALSE,FALSE,FALSE,FALSE,FALSE,FALSE,FALSE,FALSE,FALSE,FALSE
TM27,TM,MPA,,39.59438,-123.80792,39.59660,-123.81086,39.59665,-123.80503,39.59215,-123.80497,39.59210,-123.81081,TRUE,FALSE,FALSE,FALSE,FALSE,FALSE,FALSE,FALSE,FALSE,FALSE,FALSE,TRUE,TRUE,TRUE,TRUE,TRUE,TRUE,TRUE,TRUE
TM28,TM,MPA,,39.59442,-123.80186,39.59664,-123.80481,39.59669,-123.79897,39.59219,-123.79892,39.59214,-123.80475,TRUE,FALSE,FALSE,FALSE,FALSE,FALSE,FALSE,FALSE,FALSE,FALSE,FALSE,TRUE,TRUE,TRUE,TRUE,TRUE,TRUE,TRUE,TRUE
TM29,TM,MPA,,39.58540,-123.80175,39.58764,-123.80469,39.58767,-123.79886,39.58317,-123.79881,39.58314,-123.80464,TRUE,FALSE,FALSE,FALSE,FALSE,FALSE,FALSE,FALSE,FALSE,FALSE,FALSE,TRUE,TRUE,TRUE,TRUE,TRUE,TRUE,TRUE,TRUE
TM30,TM,MPA,,39.58413,-123.80919,39.58637,-123.81213,39.58640,-123.80630,39.58190,-123.80624,39.58187,-123.81208,FALSE,FALSE,FALSE,FALSE,FALSE,FALSE,FALSE,FALSE,FALSE,FALSE,FALSE,FALSE,FALSE,FALSE,FALSE,FALSE,FALSE,FALSE,FALSE
TM31,TM,MPA,,39.59555,-123.79372,39.59779,-123.79667,39.59784,-123.79083,39.59331,-123.79078,39.59328,-123.79661,TRUE,FALSE,FALSE,FALSE,FALSE,FALSE,FALSE,FALSE,FALSE,FALSE,FALSE,FALSE,FALSE,TRUE,TRUE,FALSE,FALSE,FALSE,TRUE
TM32,TM,MPA,,39.58999,-123.79016,39.59222,-123.79311,39.59228,-123.78728,39.58775,-123.78722,39.58772,-123.79306,TRUE,FALSE,FALSE,FALSE,FALSE,FALSE,FALSE,FALSE,FALSE,FALSE,FALSE,TRUE,TRUE,TRUE,TRUE,TRUE,TRUE,TRUE,TRUE
TM33,TM,MPA,,39.58388,-123.79359,39.58612,-123.79651,39.58615,-123.79070,39.58165,-123.79065,39.58162,-123.79648,FALSE,FALSE,FALSE,FALSE,FALSE,FALSE,FALSE,FALSE,FALSE,FALSE,FALSE,TRUE,FALSE,FALSE,TRUE,TRUE,FALSE,TRUE,FALSE
TM34,TM,MPA,,39.58136,-123.78739,39.58360,-123.79031,39.58362,-123.78450,39.57912,-123.78445,39.57909,-123.79028,TRUE,FALSE,FALSE,FALSE,FALSE,FALSE,FALSE,FALSE,FALSE,FALSE,FALSE,TRUE,TRUE,TRUE,TRUE,TRUE,TRUE,TRUE,TRUE
TM35,TM,MPA,,39.57651,-123.78419,39.57875,-123.78711,39.57878,-123.78131,39.57428,-123.78125,39.57425,-123.78708,TRUE,FALSE,FALSE,FALSE,FALSE,FALSE,FALSE,FALSE,FALSE,FALSE,FALSE,TRUE,TRUE,TRUE,TRUE,TRUE,TRUE,TRUE,TRUE
TMMM,TM,MPA,,,,,,,,,,,,FALSE,FALSE,FALSE,FALSE,FALSE,FALSE,FALSE,FALSE,FALSE,FALSE,FALSE,FALSE,FALSE,FALSE,FALSE,FALSE,FALSE,FALSE,FALSE
TMRR,TM,REF,,,,,,,,,,,,TRUE,FALSE,FALSE,FALSE,FALSE,FALSE,FALSE,FALSE,FALSE,FALSE,FALSE,FALSE,FALSE,FALSE,FALSE,FALSE,FALSE,FALSE,FALSE
